0.0	30.16993522644043	53.382781982421875	0.0	0.0	49.8153076171875	0.0	0.0	51.10519790649414	50.8485221862793	0.0	51.503787994384766	0.0	0.0	40.23873519897461	0.0
0.0	30.352127075195312	53.69348907470703	0.0	0.0	50.09934616088867	0.0	0.0	51.40640640258789	51.14751052856445	0.0	51.816097259521484	0.0	0.0	40.458194732666016	0.0
0.0	29.78782844543457	52.68075942993164	0.0	0.0	49.17693328857422	0.0	0.0	50.45307159423828	50.175682067871094	0.0	50.85041809082031	0.0	0.0	39.7043571472168	0.0
0.0	29.400861740112305	51.99482727050781	0.0	0.0	48.52387237548828	0.0	0.0	49.762725830078125	49.52203369140625	0.0	50.15644073486328	0.0	0.0	39.16829299926758	0.0
0.0	29.163578033447266	51.66352844238281	0.0	0.0	48.2319450378418	0.0	0.0	49.48427963256836	49.215145111083984	0.0	49.87228012084961	0.0	0.0	38.95358657836914	0.0
0.0	30.461694717407227	53.85152816772461	0.0	0.0	50.24805450439453	0.0	0.0	51.568058013916016	51.262969970703125	0.0	51.95806884765625	0.0	0.0	40.586326599121094	0.0
0.0	29.707412719726562	52.562461853027344	0.0	0.0	49.03329086303711	0.0	0.0	50.329864501953125	50.0507698059082	0.0	50.73564910888672	0.0	0.0	39.62295913696289	0.0
0.0	30.722652435302734	54.30107498168945	0.0	0.0	50.67596435546875	0.0	0.0	51.98442840576172	51.72600555419922	0.0	52.38724899291992	0.0	0.0	40.90878677368164	0.0
0.0	30.03194236755371	53.08871841430664	0.0	0.0	49.55958938598633	0.0	0.0	50.85785675048828	50.58122634887695	0.0	51.24553680419922	0.0	0.0	40.033447265625	0.0
0.0	30.089221954345703	53.22514343261719	0.0	0.0	49.66795349121094	0.0	0.0	50.97127151489258	50.704139709472656	0.0	51.37335205078125	0.0	0.0	40.13782501220703	0.0
0.0	29.255369186401367	51.75840759277344	0.0	0.0	48.31494140625	0.0	0.0	49.56544494628906	49.296993255615234	0.0	49.96782684326172	0.0	0.0	38.98923110961914	0.0
0.0	30.02187156677246	53.096500396728516	0.0	0.0	49.564430236816406	0.0	0.0	50.83863830566406	50.57767868041992	0.0	51.24471664428711	0.0	0.0	40.01565170288086	0.0
0.0	29.759872436523438	52.61939239501953	0.0	0.0	49.0987548828125	0.0	0.0	50.37834167480469	50.12848663330078	0.0	50.78321075439453	0.0	0.0	39.61776351928711	0.0
0.0	29.448854446411133	52.075199127197266	0.0	0.0	48.599727630615234	0.0	0.0	49.85503387451172	49.5695686340332	0.0	50.21936798095703	0.0	0.0	39.24024963378906	0.0
0.0	30.156681060791016	53.34834289550781	0.0	0.0	49.77334213256836	0.0	0.0	51.061248779296875	50.7918815612793	0.0	51.4661979675293	0.0	0.0	40.20285415649414	0.0
0.0	28.687000274658203	50.797969818115234	0.0	0.0	47.41402053833008	0.0	0.0	48.63591384887695	48.369224548339844	0.0	49.01494598388672	0.0	0.0	38.26383972167969	0.0
0.0	30.075164794921875	53.16432189941406	0.0	0.0	49.63036346435547	0.0	0.0	50.90736389160156	50.649818420410156	0.0	51.30343246459961	0.0	0.0	40.060306549072266	0.0
0.0	30.286582946777344	53.58372497558594	0.0	0.0	50.00981903076172	0.0	0.0	51.31452941894531	51.02324676513672	0.0	51.709110260009766	0.0	0.0	40.4046745300293	0.0
0.0	29.74375343322754	52.63066864013672	0.0	0.0	49.12571334838867	0.0	0.0	50.387901306152344	50.1190299987793	0.0	50.774959564208984	0.0	0.0	39.66425704956055	0.0
0.0	28.917882919311523	51.168190002441406	0.0	0.0	47.730709075927734	0.0	0.0	48.971126556396484	48.699398040771484	0.0	49.338134765625	0.0	0.0	38.54012680053711	0.0
0.0	30.139984130859375	53.31955337524414	0.0	0.0	49.73686599731445	0.0	0.0	51.04315185546875	50.79114532470703	0.0	51.44226837158203	0.0	0.0	40.171104431152344	0.0
0.0	31.077062606811523	54.895233154296875	0.0	0.0	51.237403869628906	0.0	0.0	52.586631774902344	52.27937698364258	0.0	52.988304138183594	0.0	0.0	41.36158752441406	0.0
0.0	30.196937561035156	53.42066955566406	0.0	0.0	49.86018371582031	0.0	0.0	51.12461853027344	50.86616516113281	0.0	51.52560043334961	0.0	0.0	40.25250244140625	0.0
0.0	29.570053100585938	52.321006774902344	0.0	0.0	48.81789779663086	0.0	0.0	50.07860565185547	49.81545639038086	0.0	50.47880935668945	0.0	0.0	39.40666961669922	0.0
0.0	30.145639419555664	53.318058013916016	0.0	0.0	49.793365478515625	0.0	0.0	51.09560775756836	50.8303337097168	0.0	51.514564514160156	0.0	0.0	40.2132453918457	0.0
0.0	30.37067413330078	53.781192779541016	0.0	0.0	50.16304397583008	0.0	0.0	51.476661682128906	51.22779083251953	0.0	51.90231704711914	0.0	0.0	40.53566360473633	0.0
0.0	30.397829055786133	53.76871109008789	0.0	0.0	50.166969299316406	0.0	0.0	51.475486755371094	51.232486724853516	0.0	51.87074279785156	0.0	0.0	40.522727966308594	0.0
0.0	31.47075080871582	55.61968231201172	0.0	0.0	51.87714385986328	0.0	0.0	53.22026443481445	52.949615478515625	0.0	53.65620422363281	0.0	0.0	41.9179801940918	0.0
0.0	29.913251876831055	52.91459274291992	0.0	0.0	49.38337326049805	0.0	0.0	50.64622116088867	50.3980712890625	0.0	51.056251525878906	0.0	0.0	39.87318420410156	0.0
0.0	30.222293853759766	53.43960189819336	0.0	0.0	49.872737884521484	0.0	0.0	51.1800422668457	50.88191223144531	0.0	51.555885314941406	0.0	0.0	40.2729377746582	0.0
0.0	29.817623138427734	52.738685607910156	0.0	0.0	49.19771194458008	0.0	0.0	50.47799301147461	50.21235656738281	0.0	50.8802375793457	0.0	0.0	39.72888946533203	0.0
0.0	30.25795555114746	53.512935638427734	0.0	0.0	49.959896087646484	0.0	0.0	51.266544342041016	50.961082458496094	0.0	51.661285400390625	0.0	0.0	40.362762451171875	0.0
0.0	29.93271255493164	52.94138717651367	0.0	0.0	49.41703414916992	0.0	0.0	50.69554138183594	50.43185806274414	0.0	51.08466339111328	0.0	0.0	39.90509796142578	0.0
0.0	29.92793846130371	52.954036712646484	0.0	0.0	49.386104583740234	0.0	0.0	50.68195724487305	50.40440368652344	0.0	51.08259582519531	0.0	0.0	39.90229797363281	0.0
0.0	28.350868225097656	50.1868782043457	0.0	0.0	46.8824348449707	0.0	0.0	48.073726654052734	47.81679153442383	0.0	48.45206832885742	0.0	0.0	37.84562683105469	0.0
0.0	30.123199462890625	53.297176361083984	0.0	0.0	49.7405891418457	0.0	0.0	51.03620529174805	50.749271392822266	0.0	51.420379638671875	0.0	0.0	40.180397033691406	0.0
0.0	29.450969696044922	52.09481430053711	0.0	0.0	48.60498046875	0.0	0.0	49.85601806640625	49.59282302856445	0.0	50.221004486083984	0.0	0.0	39.251304626464844	0.0
0.0	30.131298065185547	53.32390594482422	0.0	0.0	49.7620964050293	0.0	0.0	51.05963897705078	50.782161712646484	0.0	51.45049285888672	0.0	0.0	40.17676544189453	0.0
0.0	30.221952438354492	53.45305633544922	0.0	0.0	49.90800094604492	0.0	0.0	51.19393539428711	50.91809844970703	0.0	51.58782958984375	0.0	0.0	40.28971481323242	0.0
0.0	30.400222778320312	53.729854583740234	0.0	0.0	50.15656280517578	0.0	0.0	51.46695327758789	51.18864440917969	0.0	51.876094818115234	0.0	0.0	40.520938873291016	0.0
0.0	30.226900100708008	53.448394775390625	0.0	0.0	49.87914276123047	0.0	0.0	51.169395446777344	50.89298629760742	0.0	51.56978988647461	0.0	0.0	40.25370788574219	0.0
0.0	29.626628875732422	52.444400787353516	0.0	0.0	48.934844970703125	0.0	0.0	50.198883056640625	49.95408630371094	0.0	50.593997955322266	0.0	0.0	39.526100158691406	0.0
0.0	30.054393768310547	53.156192779541016	0.0	0.0	49.62436294555664	0.0	0.0	50.90070343017578	50.64208984375	0.0	51.30730056762695	0.0	0.0	40.07353210449219	0.0
0.0	30.1710205078125	53.37147903442383	0.0	0.0	49.78446578979492	0.0	0.0	51.07951736450195	50.81373596191406	0.0	51.47638702392578	0.0	0.0	40.19005584716797	0.0
0.0	30.017967224121094	53.08568572998047	0.0	0.0	49.529239654541016	0.0	0.0	50.82560348510742	50.54246139526367	0.0	51.2227668762207	0.0	0.0	40.01092529296875	0.0
0.0	30.37543487548828	53.685630798339844	0.0	0.0	50.110652923583984	0.0	0.0	51.3924446105957	51.117130279541016	0.0	51.80497360229492	0.0	0.0	40.454864501953125	0.0
0.0	30.019454956054688	53.078372955322266	0.0	0.0	49.535987854003906	0.0	0.0	50.83047103881836	50.569557189941406	0.0	51.21501541137695	0.0	0.0	39.99510192871094	0.0
0.0	30.198530197143555	53.4303092956543	0.0	0.0	49.8427734375	0.0	0.0	51.14657211303711	50.86763000488281	0.0	51.54457473754883	0.0	0.0	40.274314880371094	0.0
0.0	30.226829528808594	53.457366943359375	0.0	0.0	49.88316345214844	0.0	0.0	51.18107604980469	50.88235092163086	0.0	51.571834564208984	0.0	0.0	40.28004455566406	0.0
0.0	28.82166290283203	51.0180549621582	0.0	0.0	47.5978889465332	0.0	0.0	48.84602737426758	48.607906341552734	0.0	49.203857421875	0.0	0.0	38.480430603027344	0.0
0.0	30.154804229736328	53.34257125854492	0.0	0.0	49.786102294921875	0.0	0.0	51.07994079589844	50.7971305847168	0.0	51.48355484008789	0.0	0.0	40.20172119140625	0.0
0.0	30.49448585510254	53.93229675292969	0.0	0.0	50.33047866821289	0.0	0.0	51.646461486816406	51.3660888671875	0.0	52.069419860839844	0.0	0.0	40.654422760009766	0.0
0.0	29.80274772644043	52.69585418701172	0.0	0.0	49.178306579589844	0.0	0.0	50.44381332397461	50.191551208496094	0.0	50.82523727416992	0.0	0.0	39.6966438293457	0.0
0.0	30.115787506103516	53.28668975830078	0.0	0.0	49.72251510620117	0.0	0.0	51.0064811706543	50.75934600830078	0.0	51.41399002075195	0.0	0.0	40.15653991699219	0.0
0.0	29.75545310974121	52.67733383178711	0.0	0.0	49.14881134033203	0.0	0.0	50.43189239501953	50.158973693847656	0.0	50.80097579956055	0.0	0.0	39.69248580932617	0.0
0.0	30.562389373779297	54.07168197631836	0.0	0.0	50.447452545166016	0.0	0.0	51.73690414428711	51.465171813964844	0.0	52.16033935546875	0.0	0.0	40.740177154541016	0.0
0.0	30.39780044555664	53.7618522644043	0.0	0.0	50.154884338378906	0.0	0.0	51.47342300415039	51.2035026550293	0.0	51.889251708984375	0.0	0.0	40.5150146484375	0.0
0.0	30.075159072875977	53.16362380981445	0.0	0.0	49.624855041503906	0.0	0.0	50.91285705566406	50.665550231933594	0.0	51.31827926635742	0.0	0.0	40.076412200927734	0.0
0.0	30.1627140045166	53.33990478515625	0.0	0.0	49.76702117919922	0.0	0.0	51.0621223449707	50.79018783569336	0.0	51.469112396240234	0.0	0.0	40.19613265991211	0.0
0.0	31.33260154724121	55.36465072631836	0.0	0.0	51.63722229003906	0.0	0.0	53.005367279052734	52.6947135925293	0.0	53.413902282714844	0.0	0.0	41.71455764770508	0.0
0.0	30.345748901367188	53.64625930786133	0.0	0.0	50.08417510986328	0.0	0.0	51.37313461303711	51.10433578491211	0.0	51.78360366821289	0.0	0.0	40.43751907348633	0.0
0.0	30.47122573852539	53.90837097167969	0.0	0.0	50.31620788574219	0.0	0.0	51.62856674194336	51.341514587402344	0.0	52.048805236816406	0.0	0.0	40.6523551940918	0.0
0.0	30.266143798828125	53.56172180175781	0.0	0.0	49.97999572753906	0.0	0.0	51.27932357788086	51.002689361572266	0.0	51.68719482421875	0.0	0.0	40.37787628173828	0.0
0.0	29.754180908203125	52.64348602294922	0.0	0.0	49.12471389770508	0.0	0.0	50.396583557128906	50.128997802734375	0.0	50.777748107910156	0.0	0.0	39.66503143310547	0.0
0.0	29.71239471435547	52.55948257446289	0.0	0.0	49.0521125793457	0.0	0.0	50.335968017578125	50.05408477783203	0.0	50.71290969848633	0.0	0.0	39.617801666259766	0.0
0.0	29.43097496032715	52.06942367553711	0.0	0.0	48.6008186340332	0.0	0.0	49.84244918823242	49.585479736328125	0.0	50.219444274902344	0.0	0.0	39.21885681152344	0.0
0.0	30.371049880981445	53.71285629272461	0.0	0.0	50.14241409301758	0.0	0.0	51.443267822265625	51.157920837402344	0.0	51.84634780883789	0.0	0.0	40.48224639892578	0.0
0.0	30.237140655517578	53.48416519165039	0.0	0.0	49.92317581176758	0.0	0.0	51.21364974975586	50.92345428466797	0.0	51.622962951660156	0.0	0.0	40.31737518310547	0.0
0.0	29.355552673339844	51.921573638916016	0.0	0.0	48.473838806152344	0.0	0.0	49.72199630737305	49.45926284790039	0.0	50.0933723449707	0.0	0.0	39.11896896362305	0.0
0.0	29.920682907104492	52.9283332824707	0.0	0.0	49.38682556152344	0.0	0.0	50.6653938293457	50.392879486083984	0.0	51.040557861328125	0.0	0.0	39.85896301269531	0.0
0.0	30.26792335510254	53.54319763183594	0.0	0.0	49.96778869628906	0.0	0.0	51.256961822509766	50.97487258911133	0.0	51.66975402832031	0.0	0.0	40.342079162597656	0.0
0.0	29.932193756103516	52.967529296875	0.0	0.0	49.42330551147461	0.0	0.0	50.700958251953125	50.44456481933594	0.0	51.0996208190918	0.0	0.0	39.9035758972168	0.0
0.0	30.04466438293457	53.1496696472168	0.0	0.0	49.59944152832031	0.0	0.0	50.87874984741211	50.624332427978516	0.0	51.28932189941406	0.0	0.0	40.05247497558594	0.0
0.0	29.574031829833984	52.28660583496094	0.0	0.0	48.809505462646484	0.0	0.0	50.0588264465332	49.819705963134766	0.0	50.44329833984375	0.0	0.0	39.39964294433594	0.0
0.0	30.394058227539062	53.69369125366211	0.0	0.0	50.0745964050293	0.0	0.0	51.37336730957031	51.139671325683594	0.0	51.78499984741211	0.0	0.0	40.42293167114258	0.0
0.0	29.543006896972656	52.26713180541992	0.0	0.0	48.78788375854492	0.0	0.0	50.051475524902344	49.780052185058594	0.0	50.428504943847656	0.0	0.0	39.39533996582031	0.0
0.0	29.828664779663086	52.78490447998047	0.0	0.0	49.25659942626953	0.0	0.0	50.54401779174805	50.274845123291016	0.0	50.95521926879883	0.0	0.0	39.766273498535156	0.0
0.0	30.220252990722656	53.44951629638672	0.0	0.0	49.896080017089844	0.0	0.0	51.1915397644043	50.91107177734375	0.0	51.60292053222656	0.0	0.0	40.2868766784668	0.0
0.0	30.13615608215332	53.270713806152344	0.0	0.0	49.713375091552734	0.0	0.0	50.99558639526367	50.73448944091797	0.0	51.377540588378906	0.0	0.0	40.133094787597656	0.0
0.0	30.001956939697266	53.116737365722656	0.0	0.0	49.55934524536133	0.0	0.0	50.858497619628906	50.59640884399414	0.0	51.255332946777344	0.0	0.0	40.049232482910156	0.0
0.0	30.83997917175293	54.5685920715332	0.0	0.0	50.89228439331055	0.0	0.0	52.22822570800781	51.956504821777344	0.0	52.665584564208984	0.0	0.0	41.123443603515625	0.0
0.0	29.208223342895508	51.6766242980957	0.0	0.0	48.243587493896484	0.0	0.0	49.48606491088867	49.237403869628906	0.0	49.8700065612793	0.0	0.0	38.933650970458984	0.0
0.0	30.145973205566406	53.31501007080078	0.0	0.0	49.76756286621094	0.0	0.0	51.03752136230469	50.759098052978516	0.0	51.43138122558594	0.0	0.0	40.187400817871094	0.0
0.0	30.134693145751953	53.26051330566406	0.0	0.0	49.73040771484375	0.0	0.0	51.01373291015625	50.73832702636719	0.0	51.41015625	0.0	0.0	40.14906692504883	0.0
0.0	29.58713150024414	52.35269546508789	0.0	0.0	48.88448715209961	0.0	0.0	50.13694763183594	49.866390228271484	0.0	50.54098129272461	0.0	0.0	39.48196792602539	0.0
0.0	30.617839813232422	54.11369705200195	0.0	0.0	50.51261520385742	0.0	0.0	51.81990051269531	51.52302551269531	0.0	52.22010040283203	0.0	0.0	40.771419525146484	0.0
0.0	30.236770629882812	53.43107986450195	0.0	0.0	49.892940521240234	0.0	0.0	51.16285705566406	50.90409851074219	0.0	51.57938766479492	0.0	0.0	40.274715423583984	0.0
0.0	31.094839096069336	54.95316696166992	0.0	0.0	51.2889518737793	0.0	0.0	52.63908386230469	52.35618209838867	0.0	53.064979553222656	0.0	0.0	41.423221588134766	0.0
0.0	30.535877227783203	53.96858215332031	0.0	0.0	50.35408020019531	0.0	0.0	51.70942687988281	51.386924743652344	0.0	52.090904235839844	0.0	0.0	40.697288513183594	0.0
0.0	30.8321533203125	54.524837493896484	0.0	0.0	50.88454818725586	0.0	0.0	52.19322204589844	51.9578742980957	0.0	52.61772918701172	0.0	0.0	41.08134460449219	0.0
0.0	29.42089080810547	52.08412551879883	0.0	0.0	48.602012634277344	0.0	0.0	49.85982894897461	49.589881896972656	0.0	50.22647476196289	0.0	0.0	39.247901916503906	0.0
0.0	31.00278663635254	54.78266906738281	0.0	0.0	51.13277816772461	0.0	0.0	52.459693908691406	52.16905975341797	0.0	52.88691711425781	0.0	0.0	41.29263687133789	0.0
0.0	29.77113914489746	52.67302703857422	0.0	0.0	49.1602668762207	0.0	0.0	50.429908752441406	50.15323257446289	0.0	50.8178596496582	0.0	0.0	39.681060791015625	0.0
0.0	29.415271759033203	52.04340744018555	0.0	0.0	48.55567169189453	0.0	0.0	49.80469512939453	49.5709114074707	0.0	50.217567443847656	0.0	0.0	39.19811248779297	0.0
0.0	29.377042770385742	51.9713249206543	0.0	0.0	48.51048278808594	0.0	0.0	49.77088928222656	49.50265884399414	0.0	50.15638732910156	0.0	0.0	39.1654052734375	0.0
0.0	30.016990661621094	53.07960891723633	0.0	0.0	49.54473876953125	0.0	0.0	50.828304290771484	50.56370544433594	0.0	51.23215866088867	0.0	0.0	39.99380111694336	0.0
0.0	30.056299209594727	53.129146575927734	0.0	0.0	49.59370803833008	0.0	0.0	50.86406326293945	50.59585952758789	0.0	51.26837158203125	0.0	0.0	40.02998733520508	0.0
0.0	29.71265411376953	52.56611251831055	0.0	0.0	49.07817077636719	0.0	0.0	50.34522247314453	50.08314895629883	0.0	50.74594497680664	0.0	0.0	39.62856674194336	0.0
0.0	29.731163024902344	52.55788040161133	0.0	0.0	49.06371307373047	0.0	0.0	50.33907699584961	50.06256866455078	0.0	50.72553634643555	0.0	0.0	39.60890197753906	0.0
0.0	30.108715057373047	53.26033401489258	0.0	0.0	49.7039794921875	0.0	0.0	50.995513916015625	50.72450256347656	0.0	51.39911651611328	0.0	0.0	40.126243591308594	0.0
0.0	30.014406204223633	53.092926025390625	0.0	0.0	49.517478942871094	0.0	0.0	50.83218002319336	50.55080795288086	0.0	51.22171401977539	0.0	0.0	39.99527359008789	0.0
0.0	30.092985153198242	53.228782653808594	0.0	0.0	49.67487335205078	0.0	0.0	50.9608268737793	50.683921813964844	0.0	51.35209274291992	0.0	0.0	40.09913635253906	0.0
0.0	30.08131980895996	53.182918548583984	0.0	0.0	49.643463134765625	0.0	0.0	50.92894744873047	50.65337371826172	0.0	51.334163665771484	0.0	0.0	40.098690032958984	0.0
0.0	30.127525329589844	53.257972717285156	0.0	0.0	49.68888854980469	0.0	0.0	50.995845794677734	50.7270393371582	0.0	51.38294219970703	0.0	0.0	40.14059829711914	0.0
0.0	29.73397445678711	52.61515808105469	0.0	0.0	49.080570220947266	0.0	0.0	50.36000442504883	50.07632827758789	0.0	50.74635696411133	0.0	0.0	39.65386962890625	0.0
0.0	30.452993392944336	53.822574615478516	0.0	0.0	50.262489318847656	0.0	0.0	51.55955505371094	51.29399108886719	0.0	51.96628189086914	0.0	0.0	40.58114242553711	0.0
0.0	30.158367156982422	53.321434020996094	0.0	0.0	49.76849365234375	0.0	0.0	51.06071472167969	50.78383255004883	0.0	51.45604705810547	0.0	0.0	40.196449279785156	0.0
0.0	30.385173797607422	53.705322265625	0.0	0.0	50.105804443359375	0.0	0.0	51.39908218383789	51.12468719482422	0.0	51.803314208984375	0.0	0.0	40.45964813232422	0.0
0.0	30.318681716918945	53.60210418701172	0.0	0.0	50.01041030883789	0.0	0.0	51.320465087890625	51.024925231933594	0.0	51.710731506347656	0.0	0.0	40.395626068115234	0.0
0.0	30.114469528198242	53.26193618774414	0.0	0.0	49.69046401977539	0.0	0.0	50.985355377197266	50.73016357421875	0.0	51.392051696777344	0.0	0.0	40.113555908203125	0.0
0.0	29.98102378845215	53.06634521484375	0.0	0.0	49.487457275390625	0.0	0.0	50.777774810791016	50.5188102722168	0.0	51.168087005615234	0.0	0.0	39.9813117980957	0.0
0.0	29.892276763916016	52.87493133544922	0.0	0.0	49.35136795043945	0.0	0.0	50.62835693359375	50.347469329833984	0.0	51.028114318847656	0.0	0.0	39.84418487548828	0.0
0.0	32.88165283203125	58.08824157714844	0.0	0.0	54.24898147583008	0.0	0.0	55.654293060302734	55.35175323486328	0.0	56.08642578125	0.0	0.0	43.8382568359375	0.0
0.0	30.5308895111084	54.00044631958008	0.0	0.0	50.429466247558594	0.0	0.0	51.73108673095703	51.48215866088867	0.0	52.13312530517578	0.0	0.0	40.71633529663086	0.0
0.0	30.287473678588867	53.5743408203125	0.0	0.0	49.991153717041016	0.0	0.0	51.2863655090332	51.02915954589844	0.0	51.693565368652344	0.0	0.0	40.36860656738281	0.0
0.0	30.49312400817871	53.88829803466797	0.0	0.0	50.30964279174805	0.0	0.0	51.62407302856445	51.35689926147461	0.0	52.037330627441406	0.0	0.0	40.59990692138672	0.0
0.0	31.48719596862793	55.6099853515625	0.0	0.0	51.88519287109375	0.0	0.0	53.23426818847656	52.946163177490234	0.0	53.658592224121094	0.0	0.0	41.91898727416992	0.0
0.0	29.959367752075195	52.99796676635742	0.0	0.0	49.47092819213867	0.0	0.0	50.763336181640625	50.464637756347656	0.0	51.14695739746094	0.0	0.0	39.96329116821289	0.0
0.0	29.898286819458008	52.88905715942383	0.0	0.0	49.35681915283203	0.0	0.0	50.62183380126953	50.36371612548828	0.0	51.015384674072266	0.0	0.0	39.85856246948242	0.0
0.0	29.921175003051758	52.91498947143555	0.0	0.0	49.40818405151367	0.0	0.0	50.6754035949707	50.407569885253906	0.0	51.069183349609375	0.0	0.0	39.867191314697266	0.0
0.0	30.669897079467773	54.20554733276367	0.0	0.0	50.5709228515625	0.0	0.0	51.88655090332031	51.611106872558594	0.0	52.30719757080078	0.0	0.0	40.81700134277344	0.0
0.0	29.678442001342773	52.5190315246582	0.0	0.0	48.987884521484375	0.0	0.0	50.27178955078125	50.00974655151367	0.0	50.671104431152344	0.0	0.0	39.564727783203125	0.0
0.0	30.173261642456055	53.361446380615234	0.0	0.0	49.794708251953125	0.0	0.0	51.09005355834961	50.803043365478516	0.0	51.480194091796875	0.0	0.0	40.202274322509766	0.0
0.0	30.345592498779297	53.658721923828125	0.0	0.0	50.091651916503906	0.0	0.0	51.36538314819336	51.1116828918457	0.0	51.79288864135742	0.0	0.0	40.43023681640625	0.0
0.0	30.114551544189453	53.26339340209961	0.0	0.0	49.70199966430664	0.0	0.0	50.99583435058594	50.72743225097656	0.0	51.40278244018555	0.0	0.0	40.1126594543457	0.0
0.0	30.278112411499023	53.537960052490234	0.0	0.0	49.965484619140625	0.0	0.0	51.25645065307617	50.98937225341797	0.0	51.67033004760742	0.0	0.0	40.372802734375	0.0
0.0	29.753265380859375	52.64954376220703	0.0	0.0	49.131290435791016	0.0	0.0	50.40890121459961	50.150455474853516	0.0	50.801124572753906	0.0	0.0	39.658447265625	0.0
0.0	29.806957244873047	52.746524810791016	0.0	0.0	49.20615005493164	0.0	0.0	50.481422424316406	50.22941207885742	0.0	50.87541580200195	0.0	0.0	39.73623275756836	0.0
0.0	30.160755157470703	53.35123825073242	0.0	0.0	49.784725189208984	0.0	0.0	51.07684326171875	50.803531646728516	0.0	51.479957580566406	0.0	0.0	40.194976806640625	0.0
0.0	30.735580444335938	54.35155487060547	0.0	0.0	50.71723937988281	0.0	0.0	52.04486846923828	51.76652526855469	0.0	52.4642448425293	0.0	0.0	40.961055755615234	0.0
0.0	29.43305015563965	52.09069061279297	0.0	0.0	48.62705612182617	0.0	0.0	49.88978576660156	49.61824035644531	0.0	50.27814483642578	0.0	0.0	39.27306365966797	0.0
0.0	30.012269973754883	53.07461166381836	0.0	0.0	49.52695083618164	0.0	0.0	50.832923889160156	50.55744552612305	0.0	51.22929000854492	0.0	0.0	39.993995666503906	0.0
0.0	30.415451049804688	53.762577056884766	0.0	0.0	50.16429138183594	0.0	0.0	51.476783752441406	51.19300842285156	0.0	51.88157653808594	0.0	0.0	40.49612808227539	0.0
0.0	30.044654846191406	53.15971755981445	0.0	0.0	49.616458892822266	0.0	0.0	50.90561294555664	50.6378173828125	0.0	51.29225540161133	0.0	0.0	40.08213806152344	0.0
0.0	30.444902420043945	53.85734939575195	0.0	0.0	50.2261962890625	0.0	0.0	51.5611572265625	51.25748062133789	0.0	51.95262145996094	0.0	0.0	40.609317779541016	0.0
0.0	30.400043487548828	53.791873931884766	0.0	0.0	50.186824798583984	0.0	0.0	51.49480438232422	51.21187973022461	0.0	51.887691497802734	0.0	0.0	40.54836654663086	0.0
0.0	30.38490104675293	53.74597930908203	0.0	0.0	50.179542541503906	0.0	0.0	51.46572494506836	51.19690704345703	0.0	51.84825134277344	0.0	0.0	40.486141204833984	0.0
0.0	29.985715866088867	53.04214859008789	0.0	0.0	49.48655319213867	0.0	0.0	50.78277587890625	50.49728775024414	0.0	51.16685485839844	0.0	0.0	39.9539909362793	0.0
0.0	30.07959747314453	53.182315826416016	0.0	0.0	49.62562561035156	0.0	0.0	50.909114837646484	50.65656661987305	0.0	51.314903259277344	0.0	0.0	40.06401443481445	0.0
0.0	29.889354705810547	52.87016677856445	0.0	0.0	49.32856369018555	0.0	0.0	50.60923767089844	50.35622787475586	0.0	51.01495361328125	0.0	0.0	39.83908462524414	0.0
0.0	29.934377670288086	52.95038986206055	0.0	0.0	49.430850982666016	0.0	0.0	50.697261810302734	50.43756103515625	0.0	51.097259521484375	0.0	0.0	39.88222885131836	0.0
0.0	30.846633911132812	54.49982452392578	0.0	0.0	50.85860061645508	0.0	0.0	52.16974639892578	51.93454360961914	0.0	52.611263275146484	0.0	0.0	41.04887390136719	0.0
0.0	31.110946655273438	55.007110595703125	0.0	0.0	51.33658981323242	0.0	0.0	52.660179138183594	52.39399337768555	0.0	53.09641647338867	0.0	0.0	41.4494743347168	0.0
0.0	30.144996643066406	53.3046875	0.0	0.0	49.749568939208984	0.0	0.0	51.0317497253418	50.75440216064453	0.0	51.43155288696289	0.0	0.0	40.16752624511719	0.0
0.0	30.39183235168457	53.726016998291016	0.0	0.0	50.16402053833008	0.0	0.0	51.46428298950195	51.173702239990234	0.0	51.870018005371094	0.0	0.0	40.495052337646484	0.0
0.0	30.21411895751953	53.4355354309082	0.0	0.0	49.86110305786133	0.0	0.0	51.14617156982422	50.88195037841797	0.0	51.55345153808594	0.0	0.0	40.2497444152832	0.0
0.0	30.333221435546875	53.655128479003906	0.0	0.0	50.05757522583008	0.0	0.0	51.36250686645508	51.1058349609375	0.0	51.76810836791992	0.0	0.0	40.448760986328125	0.0
0.0	30.72148323059082	54.287811279296875	0.0	0.0	50.66654968261719	0.0	0.0	51.97730255126953	51.68531036376953	0.0	52.38022994995117	0.0	0.0	40.914798736572266	0.0
0.0	31.057292938232422	54.8842887878418	0.0	0.0	51.243011474609375	0.0	0.0	52.556697845458984	52.27214050292969	0.0	52.97697448730469	0.0	0.0	41.36069869995117	0.0
0.0	30.29871368408203	53.57442092895508	0.0	0.0	49.98566818237305	0.0	0.0	51.28635025024414	51.02906799316406	0.0	51.68596267700195	0.0	0.0	40.3813591003418	0.0
0.0	30.407407760620117	53.75507354736328	0.0	0.0	50.16164016723633	0.0	0.0	51.464256286621094	51.19382858276367	0.0	51.86447525024414	0.0	0.0	40.5124626159668	0.0
0.0	29.944412231445312	52.97229766845703	0.0	0.0	49.457374572753906	0.0	0.0	50.71793746948242	50.46308135986328	0.0	51.129364013671875	0.0	0.0	39.91270065307617	0.0
0.0	28.369548797607422	50.24546432495117	0.0	0.0	46.8866081237793	0.0	0.0	48.099464416503906	47.859130859375	0.0	48.49869918823242	0.0	0.0	37.832645416259766	0.0
0.0	29.880247116088867	52.87013244628906	0.0	0.0	49.33433532714844	0.0	0.0	50.626380920410156	50.35276794433594	0.0	51.031402587890625	0.0	0.0	39.85584259033203	0.0
0.0	29.83077049255371	52.77468490600586	0.0	0.0	49.26259994506836	0.0	0.0	50.53862762451172	50.26876449584961	0.0	50.93401336669922	0.0	0.0	39.77388000488281	0.0
0.0	29.943206787109375	52.968570709228516	0.0	0.0	49.42557907104492	0.0	0.0	50.712608337402344	50.450584411621094	0.0	51.10890197753906	0.0	0.0	39.900142669677734	0.0
0.0	30.465038299560547	53.865779876708984	0.0	0.0	50.253684997558594	0.0	0.0	51.54835510253906	51.299346923828125	0.0	51.982582092285156	0.0	0.0	40.574607849121094	0.0
0.0	29.618698120117188	52.394927978515625	0.0	0.0	48.9035530090332	0.0	0.0	50.161842346191406	49.91718673706055	0.0	50.56989288330078	0.0	0.0	39.49505615234375	0.0
0.0	30.101797103881836	53.23821258544922	0.0	0.0	49.70410919189453	0.0	0.0	50.99549102783203	50.68984603881836	0.0	51.38468551635742	0.0	0.0	40.134037017822266	0.0
0.0	30.130002975463867	53.284908294677734	0.0	0.0	49.7178955078125	0.0	0.0	51.00564193725586	50.74995422363281	0.0	51.421234130859375	0.0	0.0	40.137794494628906	0.0
0.0	28.320955276489258	50.149322509765625	0.0	0.0	46.80741882324219	0.0	0.0	48.02922058105469	47.76227951049805	0.0	48.39290237426758	0.0	0.0	37.79360580444336	0.0
0.0	30.180442810058594	53.38705062866211	0.0	0.0	49.81319046020508	0.0	0.0	51.1241340637207	50.83903503417969	0.0	51.510101318359375	0.0	0.0	40.22577667236328	0.0
0.0	29.503028869628906	52.200618743896484	0.0	0.0	48.70607376098633	0.0	0.0	49.95906066894531	49.70793914794922	0.0	50.353397369384766	0.0	0.0	39.32231140136719	0.0
0.0	30.541765213012695	53.99166488647461	0.0	0.0	50.40399169921875	0.0	0.0	51.73124694824219	51.411582946777344	0.0	52.115264892578125	0.0	0.0	40.72453308105469	0.0
0.0	28.995830535888672	51.31560134887695	0.0	0.0	47.86808776855469	0.0	0.0	49.110347747802734	48.8735466003418	0.0	49.484867095947266	0.0	0.0	38.64108657836914	0.0
0.0	30.041046142578125	53.1375617980957	0.0	0.0	49.59556579589844	0.0	0.0	50.89281463623047	50.62103271484375	0.0	51.28115463256836	0.0	0.0	40.046348571777344	0.0
0.0	30.48295021057129	53.90265655517578	0.0	0.0	50.281436920166016	0.0	0.0	51.592247009277344	51.32142639160156	0.0	52.01099395751953	0.0	0.0	40.59693908691406	0.0
0.0	31.943706512451172	56.44739532470703	0.0	0.0	52.667545318603516	0.0	0.0	54.02113723754883	53.71610641479492	0.0	54.44281005859375	0.0	0.0	42.5252799987793	0.0
0.0	30.569454193115234	54.041236877441406	0.0	0.0	50.409183502197266	0.0	0.0	51.7482795715332	51.4408073425293	0.0	52.12944412231445	0.0	0.0	40.762054443359375	0.0
0.0	30.312583923339844	53.58782958984375	0.0	0.0	50.015899658203125	0.0	0.0	51.32147979736328	51.03994369506836	0.0	51.719482421875	0.0	0.0	40.40032196044922	0.0
0.0	29.874616622924805	52.82286071777344	0.0	0.0	49.30605697631836	0.0	0.0	50.578094482421875	50.305519104003906	0.0	50.96626663208008	0.0	0.0	39.79667663574219	0.0
0.0	29.95871353149414	53.01429748535156	0.0	0.0	49.48469161987305	0.0	0.0	50.77122497558594	50.50965881347656	0.0	51.16458511352539	0.0	0.0	39.971920013427734	0.0
0.0	28.825050354003906	51.066532135009766	0.0	0.0	47.6317024230957	0.0	0.0	48.887596130371094	48.64051055908203	0.0	49.27426528930664	0.0	0.0	38.471923828125	0.0
0.0	29.860034942626953	52.84321212768555	0.0	0.0	49.31990432739258	0.0	0.0	50.59267044067383	50.319480895996094	0.0	51.002418518066406	0.0	0.0	39.82026672363281	0.0
0.0	30.109764099121094	53.28067398071289	0.0	0.0	49.69853591918945	0.0	0.0	50.980812072753906	50.737884521484375	0.0	51.39390563964844	0.0	0.0	40.144744873046875	0.0
0.0	30.419166564941406	53.792091369628906	0.0	0.0	50.19893264770508	0.0	0.0	51.51502227783203	51.239681243896484	0.0	51.90945816040039	0.0	0.0	40.557472229003906	0.0
0.0	29.744781494140625	52.609107971191406	0.0	0.0	49.10340118408203	0.0	0.0	50.378387451171875	50.101104736328125	0.0	50.762351989746094	0.0	0.0	39.658573150634766	0.0
0.0	30.404138565063477	53.762733459472656	0.0	0.0	50.15668487548828	0.0	0.0	51.44763946533203	51.189659118652344	0.0	51.883056640625	0.0	0.0	40.489627838134766	0.0
0.0	30.27381706237793	53.55527114868164	0.0	0.0	49.9532356262207	0.0	0.0	51.259437561035156	51.004764556884766	0.0	51.67878341674805	0.0	0.0	40.32754135131836	0.0
0.0	30.34459114074707	53.65994644165039	0.0	0.0	50.09126281738281	0.0	0.0	51.392608642578125	51.1211051940918	0.0	51.798667907714844	0.0	0.0	40.45465850830078	0.0
0.0	30.525300979614258	53.954559326171875	0.0	0.0	50.35331726074219	0.0	0.0	51.6569938659668	51.376583099365234	0.0	52.06819534301758	0.0	0.0	40.652984619140625	0.0
0.0	30.337181091308594	53.63728332519531	0.0	0.0	50.058719635009766	0.0	0.0	51.34482955932617	51.08517837524414	0.0	51.755287170410156	0.0	0.0	40.42597579956055	0.0
0.0	30.00139045715332	53.096160888671875	0.0	0.0	49.55387496948242	0.0	0.0	50.839412689208984	50.58305740356445	0.0	51.24952697753906	0.0	0.0	40.03618621826172	0.0
0.0	29.65172004699707	52.44829559326172	0.0	0.0	48.963802337646484	0.0	0.0	50.2244987487793	49.97593688964844	0.0	50.62760543823242	0.0	0.0	39.52718734741211	0.0
0.0	30.44948959350586	53.87633514404297	0.0	0.0	50.28172302246094	0.0	0.0	51.59528350830078	51.329830169677734	0.0	51.99886703491211	0.0	0.0	40.61518859863281	0.0
0.0	30.215530395507812	53.42241668701172	0.0	0.0	49.86896514892578	0.0	0.0	51.15140914916992	50.895450592041016	0.0	51.56373977661133	0.0	0.0	40.2655029296875	0.0
0.0	30.37652587890625	53.743526458740234	0.0	0.0	50.142826080322266	0.0	0.0	51.4564208984375	51.19822311401367	0.0	51.86735916137695	0.0	0.0	40.477867126464844	0.0
0.0	30.206262588500977	53.40018844604492	0.0	0.0	49.82848358154297	0.0	0.0	51.113677978515625	50.85784912109375	0.0	51.527984619140625	0.0	0.0	40.25695037841797	0.0
0.0	30.30718994140625	53.56055450439453	0.0	0.0	49.98965835571289	0.0	0.0	51.28923416137695	51.00690841674805	0.0	51.701473236083984	0.0	0.0	40.37691879272461	0.0
0.0	30.694265365600586	54.27667236328125	0.0	0.0	50.64487075805664	0.0	0.0	51.97539520263672	51.68126678466797	0.0	52.40998077392578	0.0	0.0	40.897789001464844	0.0
0.0	30.345741271972656	53.6529655456543	0.0	0.0	50.07389831542969	0.0	0.0	51.35867691040039	51.10723114013672	0.0	51.78087615966797	0.0	0.0	40.42710876464844	0.0
0.0	29.480731964111328	52.15983963012695	0.0	0.0	48.688541412353516	0.0	0.0	49.94035339355469	49.66819763183594	0.0	50.3316764831543	0.0	0.0	39.29471206665039	0.0
0.0	29.83233070373535	52.77081298828125	0.0	0.0	49.25851058959961	0.0	0.0	50.521976470947266	50.26475143432617	0.0	50.931861877441406	0.0	0.0	39.75686264038086	0.0
0.0	30.28960609436035	53.563812255859375	0.0	0.0	50.01279067993164	0.0	0.0	51.29763412475586	51.02394104003906	0.0	51.7012939453125	0.0	0.0	40.3715705871582	0.0
0.0	29.36669158935547	51.97434616088867	0.0	0.0	48.52116775512695	0.0	0.0	49.78703308105469	49.52668762207031	0.0	50.17719650268555	0.0	0.0	39.19432830810547	0.0
0.0	29.794857025146484	52.70965576171875	0.0	0.0	49.18260192871094	0.0	0.0	50.4661979675293	50.187095642089844	0.0	50.84464645385742	0.0	0.0	39.70892333984375	0.0
0.0	29.9708251953125	52.97849655151367	0.0	0.0	49.465789794921875	0.0	0.0	50.73987579345703	50.46511459350586	0.0	51.123470306396484	0.0	0.0	39.933780670166016	0.0
0.0	30.984455108642578	54.783668518066406	0.0	0.0	51.11935806274414	0.0	0.0	52.433868408203125	52.15547561645508	0.0	52.87667465209961	0.0	0.0	41.29853820800781	0.0
0.0	30.561464309692383	54.0169677734375	0.0	0.0	50.39634704589844	0.0	0.0	51.6998291015625	51.392181396484375	0.0	52.093692779541016	0.0	0.0	40.687808990478516	0.0
0.0	30.02248764038086	53.131526947021484	0.0	0.0	49.58257293701172	0.0	0.0	50.87643051147461	50.59442138671875	0.0	51.276756286621094	0.0	0.0	40.041160583496094	0.0
0.0	30.661651611328125	54.21923065185547	0.0	0.0	50.556427001953125	0.0	0.0	51.86503219604492	51.607872009277344	0.0	52.24974060058594	0.0	0.0	40.844661712646484	0.0
0.0	31.892723083496094	56.36280059814453	0.0	0.0	52.56255340576172	0.0	0.0	53.941890716552734	53.66660690307617	0.0	54.37907791137695	0.0	0.0	42.482418060302734	0.0
0.0	29.260887145996094	51.77167892456055	0.0	0.0	48.320030212402344	0.0	0.0	49.56666946411133	49.30075454711914	0.0	49.945743560791016	0.0	0.0	39.003334045410156	0.0
0.0	30.689693450927734	54.2833366394043	0.0	0.0	50.669227600097656	0.0	0.0	51.960636138916016	51.705116271972656	0.0	52.389774322509766	0.0	0.0	40.90338134765625	0.0
0.0	30.029775619506836	53.118896484375	0.0	0.0	49.58749008178711	0.0	0.0	50.85646438598633	50.588077545166016	0.0	51.261356353759766	0.0	0.0	40.00889205932617	0.0
0.0	30.145957946777344	53.315956115722656	0.0	0.0	49.773658752441406	0.0	0.0	51.053688049316406	50.77883529663086	0.0	51.45259094238281	0.0	0.0	40.20068359375	0.0
0.0	29.570568084716797	52.32944869995117	0.0	0.0	48.82844161987305	0.0	0.0	50.0922737121582	49.83692169189453	0.0	50.45762634277344	0.0	0.0	39.4105339050293	0.0
0.0	29.920501708984375	52.9352912902832	0.0	0.0	49.380401611328125	0.0	0.0	50.6614875793457	50.41250991821289	0.0	51.054256439208984	0.0	0.0	39.874210357666016	0.0
0.0	30.21360969543457	53.395877838134766	0.0	0.0	49.80036163330078	0.0	0.0	51.084293365478516	50.85173034667969	0.0	51.49003982543945	0.0	0.0	40.20695114135742	0.0
0.0	29.8018741607666	52.71245574951172	0.0	0.0	49.18675994873047	0.0	0.0	50.47403335571289	50.19911193847656	0.0	50.86435317993164	0.0	0.0	39.72724151611328	0.0
0.0	29.592594146728516	52.396339416503906	0.0	0.0	48.884281158447266	0.0	0.0	50.16117858886719	49.88289260864258	0.0	50.52875900268555	0.0	0.0	39.48714065551758	0.0
0.0	30.89848518371582	54.60895919799805	0.0	0.0	50.960716247558594	0.0	0.0	52.27449417114258	51.988929748535156	0.0	52.68340301513672	0.0	0.0	41.14897155761719	0.0
0.0	31.46839141845703	55.61959457397461	0.0	0.0	51.87642288208008	0.0	0.0	53.21820831298828	52.92300033569336	0.0	53.62932586669922	0.0	0.0	41.90988540649414	0.0
0.0	30.748929977416992	54.338478088378906	0.0	0.0	50.71009826660156	0.0	0.0	52.04247283935547	51.7532958984375	0.0	52.44769287109375	0.0	0.0	40.977783203125	0.0
0.0	31.726289749145508	56.08253479003906	0.0	0.0	52.30122756958008	0.0	0.0	53.64555740356445	53.37640380859375	0.0	54.075592041015625	0.0	0.0	42.239051818847656	0.0
0.0	29.881994247436523	52.86610412597656	0.0	0.0	49.33489990234375	0.0	0.0	50.62717819213867	50.342254638671875	0.0	51.00630569458008	0.0	0.0	39.84689712524414	0.0
0.0	31.358619689941406	55.35586929321289	0.0	0.0	51.68565368652344	0.0	0.0	53.03164291381836	52.78251266479492	0.0	53.45258712768555	0.0	0.0	41.74958419799805	0.0
0.0	30.176807403564453	53.38935852050781	0.0	0.0	49.83198928833008	0.0	0.0	51.12556838989258	50.855735778808594	0.0	51.540775299072266	0.0	0.0	40.24781799316406	0.0
0.0	29.881120681762695	52.87500762939453	0.0	0.0	49.33119583129883	0.0	0.0	50.59905242919922	50.35149383544922	0.0	51.011383056640625	0.0	0.0	39.82658386230469	0.0
0.0	30.048583984375	53.15910720825195	0.0	0.0	49.616641998291016	0.0	0.0	50.912452697753906	50.63780212402344	0.0	51.309288024902344	0.0	0.0	40.083892822265625	0.0
0.0	30.240659713745117	53.48049545288086	0.0	0.0	49.9058837890625	0.0	0.0	51.20451354980469	50.92772674560547	0.0	51.59743881225586	0.0	0.0	40.29600524902344	0.0
0.0	29.62179183959961	52.399925231933594	0.0	0.0	48.91325759887695	0.0	0.0	50.17118835449219	49.90890884399414	0.0	50.57563400268555	0.0	0.0	39.485145568847656	0.0
0.0	30.38945198059082	53.76015090942383	0.0	0.0	50.15328598022461	0.0	0.0	51.473968505859375	51.18645095825195	0.0	51.869388580322266	0.0	0.0	40.52061462402344	0.0
0.0	30.905038833618164	54.61711883544922	0.0	0.0	50.970367431640625	0.0	0.0	52.29195022583008	52.00942611694336	0.0	52.718265533447266	0.0	0.0	41.16149139404297	0.0
0.0	31.151126861572266	55.08443832397461	0.0	0.0	51.43388748168945	0.0	0.0	52.753990173339844	52.48319625854492	0.0	53.19302749633789	0.0	0.0	41.54557800292969	0.0
0.0	29.907588958740234	52.880794525146484	0.0	0.0	49.361534118652344	0.0	0.0	50.637115478515625	50.36317825317383	0.0	51.0221061706543	0.0	0.0	39.84861373901367	0.0
0.0	30.028596878051758	53.12744903564453	0.0	0.0	49.56243896484375	0.0	0.0	50.84375762939453	50.586429595947266	0.0	51.242679595947266	0.0	0.0	40.01449203491211	0.0
0.0	30.39668846130371	53.76986312866211	0.0	0.0	50.177520751953125	0.0	0.0	51.488922119140625	51.20697784423828	0.0	51.88189697265625	0.0	0.0	40.540462493896484	0.0
0.0	28.84563636779785	51.04703140258789	0.0	0.0	47.6574821472168	0.0	0.0	48.87449645996094	48.62965393066406	0.0	49.242977142333984	0.0	0.0	38.463844299316406	0.0
0.0	30.859207153320312	54.54199981689453	0.0	0.0	50.86937713623047	0.0	0.0	52.17934036254883	51.92791748046875	0.0	52.59660339355469	0.0	0.0	41.08369064331055	0.0
0.0	29.864665985107422	52.850067138671875	0.0	0.0	49.31987762451172	0.0	0.0	50.59547805786133	50.32630920410156	0.0	51.00200271606445	0.0	0.0	39.84070587158203	0.0
0.0	29.971057891845703	53.01301574707031	0.0	0.0	49.47947692871094	0.0	0.0	50.775184631347656	50.48832321166992	0.0	51.140846252441406	0.0	0.0	39.96190643310547	0.0
0.0	30.121959686279297	53.25503158569336	0.0	0.0	49.725006103515625	0.0	0.0	51.00812911987305	50.741939544677734	0.0	51.40347671508789	0.0	0.0	40.13737869262695	0.0
0.0	30.22995376586914	53.44984817504883	0.0	0.0	49.89177703857422	0.0	0.0	51.18514633178711	50.910484313964844	0.0	51.58590316772461	0.0	0.0	40.2866325378418	0.0
0.0	30.63450813293457	54.19858932495117	0.0	0.0	50.56126403808594	0.0	0.0	51.880741119384766	51.60771942138672	0.0	52.28611755371094	0.0	0.0	40.84212875366211	0.0
0.0	27.68332862854004	49.04621124267578	0.0	0.0	45.775840759277344	0.0	0.0	46.95685577392578	46.712772369384766	0.0	47.322391510009766	0.0	0.0	36.95552062988281	0.0
0.0	30.254196166992188	53.52962875366211	0.0	0.0	49.927978515625	0.0	0.0	51.22944641113281	50.99578857421875	0.0	51.65338134765625	0.0	0.0	40.31979751586914	0.0
0.0	30.276779174804688	53.533233642578125	0.0	0.0	49.95847702026367	0.0	0.0	51.253135681152344	50.964744567871094	0.0	51.65409851074219	0.0	0.0	40.32939910888672	0.0
0.0	30.42729377746582	53.765926361083984	0.0	0.0	50.19458770751953	0.0	0.0	51.4836311340332	51.22084045410156	0.0	51.89841079711914	0.0	0.0	40.512306213378906	0.0
0.0	30.245431900024414	53.49014663696289	0.0	0.0	49.907840728759766	0.0	0.0	51.21487045288086	50.92594528198242	0.0	51.618247985839844	0.0	0.0	40.306156158447266	0.0
0.0	29.62140464782715	52.405784606933594	0.0	0.0	48.916473388671875	0.0	0.0	50.1820068359375	49.919090270996094	0.0	50.57441329956055	0.0	0.0	39.489627838134766	0.0
0.0	30.309612274169922	53.594757080078125	0.0	0.0	50.02987289428711	0.0	0.0	51.31555938720703	51.039405822753906	0.0	51.72098922729492	0.0	0.0	40.388553619384766	0.0
0.0	29.746253967285156	52.61174011230469	0.0	0.0	49.1038818359375	0.0	0.0	50.39228439331055	50.11785125732422	0.0	50.78221893310547	0.0	0.0	39.6363639831543	0.0
0.0	30.137914657592773	53.319068908691406	0.0	0.0	49.761478424072266	0.0	0.0	51.04256057739258	50.78666305541992	0.0	51.44392776489258	0.0	0.0	40.185302734375	0.0
0.0	30.076475143432617	53.18701934814453	0.0	0.0	49.630889892578125	0.0	0.0	50.925636291503906	50.643211364746094	0.0	51.33661651611328	0.0	0.0	40.0771598815918	0.0
0.0	30.71659278869629	54.29983139038086	0.0	0.0	50.64082336425781	0.0	0.0	51.940330505371094	51.69460678100586	0.0	52.354888916015625	0.0	0.0	40.90229415893555	0.0
0.0	30.332849502563477	53.64518356323242	0.0	0.0	50.045230865478516	0.0	0.0	51.36697769165039	51.08031463623047	0.0	51.7755241394043	0.0	0.0	40.42783737182617	0.0
0.0	30.296716690063477	53.570743560791016	0.0	0.0	49.98685836791992	0.0	0.0	51.29121398925781	51.02853775024414	0.0	51.714744567871094	0.0	0.0	40.37144470214844	0.0
0.0	30.428483963012695	53.787315368652344	0.0	0.0	50.22209548950195	0.0	0.0	51.512847900390625	51.225555419921875	0.0	51.92479705810547	0.0	0.0	40.526947021484375	0.0
0.0	28.793779373168945	50.95680618286133	0.0	0.0	47.52904510498047	0.0	0.0	48.781837463378906	48.53581237792969	0.0	49.16419219970703	0.0	0.0	38.35880661010742	0.0
0.0	30.345199584960938	53.627681732177734	0.0	0.0	50.05216979980469	0.0	0.0	51.33796691894531	51.06489562988281	0.0	51.763309478759766	0.0	0.0	40.419307708740234	0.0
0.0	30.48147201538086	53.871212005615234	0.0	0.0	50.27597427368164	0.0	0.0	51.57658386230469	51.318809509277344	0.0	51.99305725097656	0.0	0.0	40.606285095214844	0.0
0.0	30.572494506835938	54.04444122314453	0.0	0.0	50.43838882446289	0.0	0.0	51.753231048583984	51.46755599975586	0.0	52.17271423339844	0.0	0.0	40.74208068847656	0.0
0.0	29.463865280151367	52.1446533203125	0.0	0.0	48.65180587768555	0.0	0.0	49.89329528808594	49.65459442138672	0.0	50.27914810180664	0.0	0.0	39.28618240356445	0.0
0.0	30.310476303100586	53.599090576171875	0.0	0.0	50.015377044677734	0.0	0.0	51.316993713378906	51.045799255371094	0.0	51.72208023071289	0.0	0.0	40.38408279418945	0.0
0.0	30.430116653442383	53.816951751708984	0.0	0.0	50.2176628112793	0.0	0.0	51.54408264160156	51.272037506103516	0.0	51.95404815673828	0.0	0.0	40.5678825378418	0.0
0.0	31.04013442993164	54.82761001586914	0.0	0.0	51.18863296508789	0.0	0.0	52.496238708496094	52.20828628540039	0.0	52.92244338989258	0.0	0.0	41.31874465942383	0.0
0.0	29.89392852783203	52.86764907836914	0.0	0.0	49.345638275146484	0.0	0.0	50.62080764770508	50.359230041503906	0.0	51.01801300048828	0.0	0.0	39.84889602661133	0.0
0.0	29.630735397338867	52.42516326904297	0.0	0.0	48.916839599609375	0.0	0.0	50.171974182128906	49.91593551635742	0.0	50.56195068359375	0.0	0.0	39.495849609375	0.0
0.0	29.984455108642578	53.06364440917969	0.0	0.0	49.52158737182617	0.0	0.0	50.803672790527344	50.54808807373047	0.0	51.20020294189453	0.0	0.0	39.985084533691406	0.0
0.0	30.415475845336914	53.8001823425293	0.0	0.0	50.19561004638672	0.0	0.0	51.49149703979492	51.209808349609375	0.0	51.90328598022461	0.0	0.0	40.52022171020508	0.0
0.0	30.125444412231445	53.278236389160156	0.0	0.0	49.732601165771484	0.0	0.0	51.03327941894531	50.748104095458984	0.0	51.42714309692383	0.0	0.0	40.16233825683594	0.0
0.0	30.361238479614258	53.68023681640625	0.0	0.0	50.10358810424805	0.0	0.0	51.40518569946289	51.12638473510742	0.0	51.811378479003906	0.0	0.0	40.46097183227539	0.0
0.0	30.083438873291016	53.19340515136719	0.0	0.0	49.65329360961914	0.0	0.0	50.92667770385742	50.65678024291992	0.0	51.33955001831055	0.0	0.0	40.07579803466797	0.0
0.0	30.59876251220703	54.11814880371094	0.0	0.0	50.5085334777832	0.0	0.0	51.81250762939453	51.518531799316406	0.0	52.21336364746094	0.0	0.0	40.79680633544922	0.0
0.0	29.840593338012695	52.83763122558594	0.0	0.0	49.28343963623047	0.0	0.0	50.56842803955078	50.30103302001953	0.0	51.0109748840332	0.0	0.0	39.79440689086914	0.0
0.0	30.803638458251953	54.468360900878906	0.0	0.0	50.822837829589844	0.0	0.0	52.14208984375	51.88226318359375	0.0	52.544559478759766	0.0	0.0	41.04830551147461	0.0
0.0	29.441755294799805	52.069793701171875	0.0	0.0	48.61248016357422	0.0	0.0	49.883182525634766	49.613136291503906	0.0	50.26804733276367	0.0	0.0	39.256553649902344	0.0
0.0	30.95233917236328	54.769779205322266	0.0	0.0	51.0932731628418	0.0	0.0	52.425601959228516	52.14725112915039	0.0	52.84159469604492	0.0	0.0	41.270477294921875	0.0
0.0	29.91414451599121	52.898223876953125	0.0	0.0	49.36798858642578	0.0	0.0	50.6622428894043	50.36533737182617	0.0	51.016056060791016	0.0	0.0	39.878639221191406	0.0
0.0	29.994346618652344	53.05532455444336	0.0	0.0	49.53345489501953	0.0	0.0	50.81843948364258	50.54555892944336	0.0	51.213802337646484	0.0	0.0	39.98797607421875	0.0
0.0	30.440349578857422	53.82372283935547	0.0	0.0	50.213592529296875	0.0	0.0	51.512630462646484	51.264732360839844	0.0	51.94637680053711	0.0	0.0	40.542362213134766	0.0
0.0	30.07358169555664	53.18769073486328	0.0	0.0	49.639076232910156	0.0	0.0	50.91444778442383	50.65937805175781	0.0	51.32361602783203	0.0	0.0	40.067745208740234	0.0
0.0	29.087055206298828	51.47785949707031	0.0	0.0	48.040016174316406	0.0	0.0	49.27425765991211	49.00702667236328	0.0	49.652679443359375	0.0	0.0	38.77759552001953	0.0
0.0	29.970306396484375	53.00067138671875	0.0	0.0	49.47995376586914	0.0	0.0	50.74324417114258	50.4817008972168	0.0	51.144615173339844	0.0	0.0	39.93576431274414	0.0
0.0	30.28333282470703	53.550315856933594	0.0	0.0	49.98453140258789	0.0	0.0	51.2613525390625	50.99847412109375	0.0	51.65614318847656	0.0	0.0	40.353572845458984	0.0
0.0	31.123146057128906	55.028377532958984	0.0	0.0	51.3341178894043	0.0	0.0	52.68146896362305	52.378604888916016	0.0	53.096351623535156	0.0	0.0	41.485633850097656	0.0
0.0	29.721622467041016	52.59577178955078	0.0	0.0	49.0963020324707	0.0	0.0	50.371337890625	50.09440994262695	0.0	50.75902557373047	0.0	0.0	39.648677825927734	0.0
0.0	29.763315200805664	52.6425666809082	0.0	0.0	49.14325714111328	0.0	0.0	50.409908294677734	50.127933502197266	0.0	50.776607513427734	0.0	0.0	39.68534469604492	0.0
0.0	30.41046142578125	53.82410430908203	0.0	0.0	50.24616622924805	0.0	0.0	51.53434371948242	51.278465270996094	0.0	51.967105865478516	0.0	0.0	40.57988739013672	0.0
0.0	30.752029418945312	54.35169982910156	0.0	0.0	50.714576721191406	0.0	0.0	52.048553466796875	51.76298522949219	0.0	52.47046661376953	0.0	0.0	40.957794189453125	0.0
0.0	32.981563568115234	58.21112823486328	0.0	0.0	54.32217025756836	0.0	0.0	55.72201156616211	55.403133392333984	0.0	56.15184783935547	0.0	0.0	43.8842887878418	0.0
0.0	30.635906219482422	54.14594650268555	0.0	0.0	50.52757263183594	0.0	0.0	51.81875991821289	51.5713005065918	0.0	52.25813293457031	0.0	0.0	40.80174255371094	0.0
0.0	31.141010284423828	55.02193832397461	0.0	0.0	51.30366134643555	0.0	0.0	52.639808654785156	52.35171890258789	0.0	53.044185638427734	0.0	0.0	41.45917892456055	0.0
0.0	29.79790687561035	52.723289489746094	0.0	0.0	49.222503662109375	0.0	0.0	50.49205017089844	50.22483825683594	0.0	50.881378173828125	0.0	0.0	39.74327850341797	0.0
0.0	29.561080932617188	52.30101776123047	0.0	0.0	48.82611846923828	0.0	0.0	50.0823860168457	49.813045501708984	0.0	50.46725082397461	0.0	0.0	39.4205436706543	0.0
0.0	30.424392700195312	53.76519012451172	0.0	0.0	50.19975662231445	0.0	0.0	51.47032165527344	51.22353744506836	0.0	51.8797607421875	0.0	0.0	40.524742126464844	0.0
0.0	30.16615104675293	53.34939193725586	0.0	0.0	49.808319091796875	0.0	0.0	51.088016510009766	50.780784606933594	0.0	51.482242584228516	0.0	0.0	40.19852828979492	0.0
0.0	29.120256423950195	51.533233642578125	0.0	0.0	48.081085205078125	0.0	0.0	49.318992614746094	49.072452545166016	0.0	49.687469482421875	0.0	0.0	38.804847717285156	0.0
0.0	30.645740509033203	54.17915344238281	0.0	0.0	50.581634521484375	0.0	0.0	51.87788391113281	51.622589111328125	0.0	52.30939865112305	0.0	0.0	40.838619232177734	0.0
0.0	29.509897232055664	52.1951904296875	0.0	0.0	48.726192474365234	0.0	0.0	49.974605560302734	49.72808074951172	0.0	50.34839630126953	0.0	0.0	39.34246063232422	0.0
0.0	30.214696884155273	53.44416809082031	0.0	0.0	49.87882995605469	0.0	0.0	51.1799430847168	50.90340042114258	0.0	51.57960891723633	0.0	0.0	40.274478912353516	0.0
0.0	29.977067947387695	53.008968353271484	0.0	0.0	49.45946502685547	0.0	0.0	50.74321746826172	50.47005081176758	0.0	51.14250564575195	0.0	0.0	39.927162170410156	0.0
0.0	29.415454864501953	52.05322265625	0.0	0.0	48.579734802246094	0.0	0.0	49.84804916381836	49.574703216552734	0.0	50.213871002197266	0.0	0.0	39.24863052368164	0.0
0.0	30.936569213867188	54.66365051269531	0.0	0.0	51.033870697021484	0.0	0.0	52.352027893066406	52.075927734375	0.0	52.77064514160156	0.0	0.0	41.21676254272461	0.0
0.0	30.150760650634766	53.287227630615234	0.0	0.0	49.729957580566406	0.0	0.0	51.025840759277344	50.744754791259766	0.0	51.42594528198242	0.0	0.0	40.15481185913086	0.0
0.0	29.995763778686523	53.09375762939453	0.0	0.0	49.54310989379883	0.0	0.0	50.83528518676758	50.55165481567383	0.0	51.21589660644531	0.0	0.0	40.0157470703125	0.0
0.0	33.64371871948242	59.361392974853516	0.0	0.0	55.40311050415039	0.0	0.0	56.84880065917969	56.513084411621094	0.0	57.27117156982422	0.0	0.0	44.795616149902344	0.0
0.0	29.3564510345459	51.93628692626953	0.0	0.0	48.45582580566406	0.0	0.0	49.71565246582031	49.473602294921875	0.0	50.11228561401367	0.0	0.0	39.12678146362305	0.0
0.0	29.223691940307617	51.6840705871582	0.0	0.0	48.2508544921875	0.0	0.0	49.49119186401367	49.22251510620117	0.0	49.8639030456543	0.0	0.0	38.93499755859375	0.0
0.0	29.883190155029297	52.87699890136719	0.0	0.0	49.33403778076172	0.0	0.0	50.62398910522461	50.35603713989258	0.0	51.01530838012695	0.0	0.0	39.847049713134766	0.0
0.0	30.789306640625	54.455997467041016	0.0	0.0	50.815025329589844	0.0	0.0	52.139347076416016	51.8512077331543	0.0	52.561405181884766	0.0	0.0	41.0499153137207	0.0
0.0	30.589250564575195	54.06582260131836	0.0	0.0	50.46561050415039	0.0	0.0	51.779518127441406	51.5186653137207	0.0	52.16960525512695	0.0	0.0	40.77389144897461	0.0
0.0	29.889171600341797	52.91628646850586	0.0	0.0	49.40117263793945	0.0	0.0	50.660152435302734	50.42245101928711	0.0	51.08040237426758	0.0	0.0	39.89228057861328	0.0
0.0	30.238441467285156	53.48849105834961	0.0	0.0	49.91713333129883	0.0	0.0	51.188262939453125	50.954437255859375	0.0	51.615821838378906	0.0	0.0	40.309173583984375	0.0
0.0	29.232582092285156	51.72688674926758	0.0	0.0	48.2872428894043	0.0	0.0	49.52853012084961	49.273216247558594	0.0	49.924495697021484	0.0	0.0	38.98258590698242	0.0
0.0	30.373645782470703	53.72322463989258	0.0	0.0	50.12749099731445	0.0	0.0	51.4355354309082	51.14972686767578	0.0	51.83580780029297	0.0	0.0	40.49105453491211	0.0
0.0	30.232255935668945	53.480316162109375	0.0	0.0	49.89109420776367	0.0	0.0	51.19514846801758	50.919437408447266	0.0	51.58518981933594	0.0	0.0	40.28339385986328	0.0
0.0	30.342056274414062	53.66633605957031	0.0	0.0	50.113975524902344	0.0	0.0	51.40471267700195	51.12749481201172	0.0	51.80657958984375	0.0	0.0	40.451045989990234	0.0
0.0	29.997596740722656	53.05216598510742	0.0	0.0	49.51369094848633	0.0	0.0	50.80392837524414	50.533103942871094	0.0	51.189842224121094	0.0	0.0	39.995460510253906	0.0
0.0	30.55601692199707	54.0216178894043	0.0	0.0	50.43536376953125	0.0	0.0	51.735435485839844	51.461238861083984	0.0	52.1424446105957	0.0	0.0	40.719764709472656	0.0
0.0	30.620662689208984	54.12879943847656	0.0	0.0	50.520790100097656	0.0	0.0	51.83121109008789	51.54780578613281	0.0	52.22098159790039	0.0	0.0	40.792869567871094	0.0
0.0	30.272525787353516	53.55427551269531	0.0	0.0	49.971275329589844	0.0	0.0	51.251014709472656	51.01319122314453	0.0	51.687644958496094	0.0	0.0	40.33442306518555	0.0
0.0	30.045394897460938	53.13669204711914	0.0	0.0	49.599246978759766	0.0	0.0	50.8691291809082	50.61500930786133	0.0	51.26649856567383	0.0	0.0	40.04049301147461	0.0
0.0	29.981361389160156	53.03823471069336	0.0	0.0	49.467437744140625	0.0	0.0	50.75916290283203	50.478519439697266	0.0	51.157840728759766	0.0	0.0	39.930145263671875	0.0
0.0	30.041683197021484	53.144405364990234	0.0	0.0	49.58338165283203	0.0	0.0	50.87337112426758	50.61351776123047	0.0	51.290855407714844	0.0	0.0	40.03383255004883	0.0
0.0	30.451383590698242	53.832393646240234	0.0	0.0	50.2501220703125	0.0	0.0	51.52980422973633	51.22050094604492	0.0	51.93681335449219	0.0	0.0	40.55046463012695	0.0
0.0	29.791650772094727	52.7189826965332	0.0	0.0	49.17204284667969	0.0	0.0	50.474586486816406	50.21314239501953	0.0	50.871273040771484	0.0	0.0	39.709957122802734	0.0
0.0	29.760196685791016	52.63400650024414	0.0	0.0	49.11360168457031	0.0	0.0	50.393924713134766	50.120662689208984	0.0	50.78373336791992	0.0	0.0	39.642398834228516	0.0
0.0	31.028593063354492	54.800071716308594	0.0	0.0	51.12623977661133	0.0	0.0	52.47491455078125	52.17927551269531	0.0	52.895992279052734	0.0	0.0	41.29698944091797	0.0
0.0	30.52708625793457	53.9536018371582	0.0	0.0	50.33953857421875	0.0	0.0	51.66290283203125	51.38544845581055	0.0	52.06608581542969	0.0	0.0	40.65901565551758	0.0
0.0	30.056076049804688	53.180747985839844	0.0	0.0	49.621585845947266	0.0	0.0	50.92568588256836	50.651634216308594	0.0	51.30622100830078	0.0	0.0	40.081886291503906	0.0
0.0	30.806921005249023	54.47483825683594	0.0	0.0	50.84519958496094	0.0	0.0	52.17230987548828	51.88873291015625	0.0	52.59263229370117	0.0	0.0	41.060569763183594	0.0
0.0	30.034860610961914	53.165870666503906	0.0	0.0	49.609642028808594	0.0	0.0	50.897422790527344	50.62413787841797	0.0	51.28709411621094	0.0	0.0	40.073402404785156	0.0
0.0	29.582321166992188	52.34850311279297	0.0	0.0	48.86650848388672	0.0	0.0	50.14938735961914	49.85493469238281	0.0	50.54016876220703	0.0	0.0	39.460594177246094	0.0
0.0	29.105867385864258	51.51777648925781	0.0	0.0	48.082740783691406	0.0	0.0	49.318763732910156	49.052215576171875	0.0	49.70857620239258	0.0	0.0	38.81328582763672	0.0
0.0	31.337125778198242	55.338584899902344	0.0	0.0	51.65769958496094	0.0	0.0	52.98173904418945	52.70486068725586	0.0	53.3900260925293	0.0	0.0	41.7035026550293	0.0
0.0	29.28413963317871	51.8255615234375	0.0	0.0	48.383872985839844	0.0	0.0	49.6123046875	49.35402297973633	0.0	49.987056732177734	0.0	0.0	39.05133056640625	0.0
0.0	29.987096786499023	53.04032897949219	0.0	0.0	49.51488494873047	0.0	0.0	50.777278900146484	50.52349090576172	0.0	51.176578521728516	0.0	0.0	39.9759635925293	0.0
0.0	30.054174423217773	53.148712158203125	0.0	0.0	49.598995208740234	0.0	0.0	50.8814811706543	50.643821716308594	0.0	51.29331588745117	0.0	0.0	40.06380081176758	0.0
0.0	30.527008056640625	53.987892150878906	0.0	0.0	50.393829345703125	0.0	0.0	51.70464324951172	51.42531204223633	0.0	52.098899841308594	0.0	0.0	40.71113967895508	0.0
0.0	31.183063507080078	55.08400344848633	0.0	0.0	51.4360237121582	0.0	0.0	52.74400329589844	52.45477294921875	0.0	53.17584228515625	0.0	0.0	41.50282287597656	0.0
0.0	30.21225357055664	53.41990661621094	0.0	0.0	49.8504524230957	0.0	0.0	51.155067443847656	50.89498519897461	0.0	51.56175994873047	0.0	0.0	40.27662658691406	0.0
0.0	30.776779174804688	54.41175079345703	0.0	0.0	50.77019119262695	0.0	0.0	52.101192474365234	51.81307601928711	0.0	52.51139450073242	0.0	0.0	40.990074157714844	0.0
0.0	30.062490463256836	53.177040100097656	0.0	0.0	49.637855529785156	0.0	0.0	50.924163818359375	50.654052734375	0.0	51.32157516479492	0.0	0.0	40.08329391479492	0.0
0.0	30.347461700439453	53.6857795715332	0.0	0.0	50.07997131347656	0.0	0.0	51.380165100097656	51.11833953857422	0.0	51.77130126953125	0.0	0.0	40.45330810546875	0.0
0.0	30.796545028686523	54.44346618652344	0.0	0.0	50.796688079833984	0.0	0.0	52.1185188293457	51.846923828125	0.0	52.537776947021484	0.0	0.0	41.0315055847168	0.0
0.0	30.24045181274414	53.47200393676758	0.0	0.0	49.889060974121094	0.0	0.0	51.18836212158203	50.91856384277344	0.0	51.59215545654297	0.0	0.0	40.28746032714844	0.0
0.0	30.00956153869629	53.066707611083984	0.0	0.0	49.52647399902344	0.0	0.0	50.80321502685547	50.53644561767578	0.0	51.19354248046875	0.0	0.0	39.97514343261719	0.0
0.0	30.239103317260742	53.4889030456543	0.0	0.0	49.93193054199219	0.0	0.0	51.194576263427734	50.95820617675781	0.0	51.616458892822266	0.0	0.0	40.31697082519531	0.0
0.0	30.128507614135742	53.29499816894531	0.0	0.0	49.745609283447266	0.0	0.0	51.021114349365234	50.75293731689453	0.0	51.42346954345703	0.0	0.0	40.163421630859375	0.0
0.0	31.33672332763672	55.37340545654297	0.0	0.0	51.714229583740234	0.0	0.0	53.03816223144531	52.72746276855469	0.0	53.47153854370117	0.0	0.0	41.74266815185547	0.0
0.0	30.080852508544922	53.217811584472656	0.0	0.0	49.681419372558594	0.0	0.0	50.9637451171875	50.689781188964844	0.0	51.375213623046875	0.0	0.0	40.10832214355469	0.0
0.0	30.8979434967041	54.62492752075195	0.0	0.0	50.9611930847168	0.0	0.0	52.293880462646484	52.018985748291016	0.0	52.71504592895508	0.0	0.0	41.154388427734375	0.0
0.0	29.581377029418945	52.363616943359375	0.0	0.0	48.81922149658203	0.0	0.0	50.108253479003906	49.834327697753906	0.0	50.48181915283203	0.0	0.0	39.470375061035156	0.0
0.0	29.947154998779297	52.9987907409668	0.0	0.0	49.44219207763672	0.0	0.0	50.729549407958984	50.45771026611328	0.0	51.147098541259766	0.0	0.0	39.91847610473633	0.0
0.0	30.039148330688477	53.15222930908203	0.0	0.0	49.60570526123047	0.0	0.0	50.895408630371094	50.61770248413086	0.0	51.28459930419922	0.0	0.0	40.072811126708984	0.0
0.0	30.282705307006836	53.54075241088867	0.0	0.0	49.972476959228516	0.0	0.0	51.28538131713867	50.989036560058594	0.0	51.67622375488281	0.0	0.0	40.36127471923828	0.0
0.0	30.220230102539062	53.430580139160156	0.0	0.0	49.87535858154297	0.0	0.0	51.16783905029297	50.882137298583984	0.0	51.55251693725586	0.0	0.0	40.27406692504883	0.0
0.0	31.173290252685547	55.09233093261719	0.0	0.0	51.422637939453125	0.0	0.0	52.753326416015625	52.45204544067383	0.0	53.18557357788086	0.0	0.0	41.54567337036133	0.0
0.0	30.44921112060547	53.81074523925781	0.0	0.0	50.21523666381836	0.0	0.0	51.52185821533203	51.219051361083984	0.0	51.9326171875	0.0	0.0	40.55125427246094	0.0
0.0	29.796058654785156	52.70475769042969	0.0	0.0	49.172607421875	0.0	0.0	50.46365737915039	50.2043342590332	0.0	50.86682891845703	0.0	0.0	39.73335266113281	0.0
0.0	30.996891021728516	54.790306091308594	0.0	0.0	51.13630294799805	0.0	0.0	52.4725456237793	52.17521667480469	0.0	52.888648986816406	0.0	0.0	41.3145751953125	0.0
0.0	29.958288192749023	52.97847366333008	0.0	0.0	49.44364929199219	0.0	0.0	50.726680755615234	50.4629020690918	0.0	51.13463592529297	0.0	0.0	39.92181396484375	0.0
0.0	29.997264862060547	53.069801330566406	0.0	0.0	49.534969329833984	0.0	0.0	50.83007049560547	50.55412292480469	0.0	51.23245620727539	0.0	0.0	40.02287673950195	0.0
0.0	30.42392349243164	53.82908630371094	0.0	0.0	50.2022705078125	0.0	0.0	51.52204895019531	51.24238967895508	0.0	51.92387008666992	0.0	0.0	40.560604095458984	0.0
0.0	30.198719024658203	53.453819274902344	0.0	0.0	49.892364501953125	0.0	0.0	51.18767547607422	50.91611099243164	0.0	51.59849548339844	0.0	0.0	40.298221588134766	0.0
0.0	30.68802261352539	54.24346923828125	0.0	0.0	50.622650146484375	0.0	0.0	51.93928146362305	51.638248443603516	0.0	52.356014251708984	0.0	0.0	40.874027252197266	0.0
0.0	30.05632972717285	53.187103271484375	0.0	0.0	49.6154899597168	0.0	0.0	50.908199310302734	50.63997268676758	0.0	51.303855895996094	0.0	0.0	40.07040023803711	0.0
0.0	30.0998477935791	53.222625732421875	0.0	0.0	49.66716003417969	0.0	0.0	50.958038330078125	50.679603576660156	0.0	51.3442497253418	0.0	0.0	40.10795211791992	0.0
0.0	30.138154983520508	53.32986831665039	0.0	0.0	49.762298583984375	0.0	0.0	51.03915023803711	50.79243469238281	0.0	51.450382232666016	0.0	0.0	40.17924118041992	0.0
0.0	29.95665168762207	52.976802825927734	0.0	0.0	49.44382095336914	0.0	0.0	50.73674011230469	50.45512008666992	0.0	51.126319885253906	0.0	0.0	39.941707611083984	0.0
0.0	29.83905029296875	52.78300094604492	0.0	0.0	49.265071868896484	0.0	0.0	50.53621292114258	50.27744674682617	0.0	50.929603576660156	0.0	0.0	39.7853889465332	0.0
0.0	30.428857803344727	53.82655334472656	0.0	0.0	50.241127014160156	0.0	0.0	51.54258728027344	51.25655746459961	0.0	51.95137023925781	0.0	0.0	40.57561492919922	0.0
0.0	30.332473754882812	53.64583969116211	0.0	0.0	50.06419372558594	0.0	0.0	51.36572265625	51.1036491394043	0.0	51.779579162597656	0.0	0.0	40.4183349609375	0.0
0.0	29.898292541503906	52.8765983581543	0.0	0.0	49.33448028564453	0.0	0.0	50.61952590942383	50.360843658447266	0.0	51.01895523071289	0.0	0.0	39.82202911376953	0.0
0.0	30.06186294555664	53.190948486328125	0.0	0.0	49.6464729309082	0.0	0.0	50.94073486328125	50.65077209472656	0.0	51.317901611328125	0.0	0.0	40.12922668457031	0.0
0.0	31.325578689575195	55.402523040771484	0.0	0.0	51.707637786865234	0.0	0.0	53.031673431396484	52.76486587524414	0.0	53.46931457519531	0.0	0.0	41.75177001953125	0.0
0.0	31.022632598876953	54.843650817871094	0.0	0.0	51.17494201660156	0.0	0.0	52.483280181884766	52.20720291137695	0.0	52.90647888183594	0.0	0.0	41.33515548706055	0.0
0.0	30.077594757080078	53.227291107177734	0.0	0.0	49.659454345703125	0.0	0.0	50.946590423583984	50.68326950073242	0.0	51.348350524902344	0.0	0.0	40.11318588256836	0.0
0.0	31.075773239135742	54.9266357421875	0.0	0.0	51.25365447998047	0.0	0.0	52.59247970581055	52.30278778076172	0.0	53.009971618652344	0.0	0.0	41.398406982421875	0.0
0.0	29.99982261657715	53.05488586425781	0.0	0.0	49.507911682128906	0.0	0.0	50.80628204345703	50.53218460083008	0.0	51.189144134521484	0.0	0.0	39.9881706237793	0.0
0.0	30.42995834350586	53.76449966430664	0.0	0.0	50.160396575927734	0.0	0.0	51.45333480834961	51.190467834472656	0.0	51.862422943115234	0.0	0.0	40.51133728027344	0.0
0.0	29.83305549621582	52.76205062866211	0.0	0.0	49.21144104003906	0.0	0.0	50.49596405029297	50.222103118896484	0.0	50.89094924926758	0.0	0.0	39.746788024902344	0.0
0.0	30.1187801361084	53.26857376098633	0.0	0.0	49.71824264526367	0.0	0.0	50.99361038208008	50.722312927246094	0.0	51.39687728881836	0.0	0.0	40.140647888183594	0.0
0.0	30.15031623840332	53.29335403442383	0.0	0.0	49.79743194580078	0.0	0.0	51.05533218383789	50.79158401489258	0.0	51.45547866821289	0.0	0.0	40.18611526489258	0.0
0.0	29.930099487304688	52.980899810791016	0.0	0.0	49.43519592285156	0.0	0.0	50.72865295410156	50.46120834350586	0.0	51.1256103515625	0.0	0.0	39.93612289428711	0.0
0.0	30.173660278320312	53.36617660522461	0.0	0.0	49.796630859375	0.0	0.0	51.08937072753906	50.822715759277344	0.0	51.49561309814453	0.0	0.0	40.206520080566406	0.0
0.0	30.42436981201172	53.79472732543945	0.0	0.0	50.196006774902344	0.0	0.0	51.50651168823242	51.23880386352539	0.0	51.91720962524414	0.0	0.0	40.54034423828125	0.0
0.0	30.01043701171875	53.06247329711914	0.0	0.0	49.516868591308594	0.0	0.0	50.81172561645508	50.52907943725586	0.0	51.20668029785156	0.0	0.0	39.990135192871094	0.0
0.0	30.59419059753418	54.06841278076172	0.0	0.0	50.468650817871094	0.0	0.0	51.76476287841797	51.462432861328125	0.0	52.17173385620117	0.0	0.0	40.72026062011719	0.0
0.0	31.25978660583496	55.259864807128906	0.0	0.0	51.56040573120117	0.0	0.0	52.890411376953125	52.62087631225586	0.0	53.32490539550781	0.0	0.0	41.651092529296875	0.0
0.0	29.72857666015625	52.58344650268555	0.0	0.0	49.06761169433594	0.0	0.0	50.344940185546875	50.08035659790039	0.0	50.73316955566406	0.0	0.0	39.628936767578125	0.0
0.0	31.4100399017334	55.512351989746094	0.0	0.0	51.809993743896484	0.0	0.0	53.155174255371094	52.880985260009766	0.0	53.582733154296875	0.0	0.0	41.836177825927734	0.0
0.0	30.276798248291016	53.555965423583984	0.0	0.0	49.97878646850586	0.0	0.0	51.2558479309082	51.01402282714844	0.0	51.67720413208008	0.0	0.0	40.37010955810547	0.0
0.0	30.761079788208008	54.364158630371094	0.0	0.0	50.716400146484375	0.0	0.0	52.047733306884766	51.77967834472656	0.0	52.46211624145508	0.0	0.0	40.97806930541992	0.0
0.0	29.9571533203125	52.96754455566406	0.0	0.0	49.45244598388672	0.0	0.0	50.74223327636719	50.46133804321289	0.0	51.139930725097656	0.0	0.0	39.94154739379883	0.0
0.0	29.65934944152832	52.462196350097656	0.0	0.0	48.92543411254883	0.0	0.0	50.207069396972656	49.96540832519531	0.0	50.610198974609375	0.0	0.0	39.4935188293457	0.0
0.0	30.984050750732422	54.78514862060547	0.0	0.0	51.14638137817383	0.0	0.0	52.47919464111328	52.17808532714844	0.0	52.877777099609375	0.0	0.0	41.30735778808594	0.0
0.0	30.472919464111328	53.88501739501953	0.0	0.0	50.28974914550781	0.0	0.0	51.58400344848633	51.3147087097168	0.0	51.99580001831055	0.0	0.0	40.61555099487305	0.0
0.0	30.061363220214844	53.166526794433594	0.0	0.0	49.62127685546875	0.0	0.0	50.90209197998047	50.647682189941406	0.0	51.29767990112305	0.0	0.0	40.07526397705078	0.0
0.0	30.47380256652832	53.880210876464844	0.0	0.0	50.29901885986328	0.0	0.0	51.60806655883789	51.33385467529297	0.0	51.999759674072266	0.0	0.0	40.61725997924805	0.0
0.0	29.20063591003418	51.65232849121094	0.0	0.0	48.209754943847656	0.0	0.0	49.459102630615234	49.21150207519531	0.0	49.82661437988281	0.0	0.0	38.89875793457031	0.0
0.0	30.358936309814453	53.70432662963867	0.0	0.0	50.1094856262207	0.0	0.0	51.415523529052734	51.14733123779297	0.0	51.834571838378906	0.0	0.0	40.480674743652344	0.0
0.0	30.785022735595703	54.4241943359375	0.0	0.0	50.81709289550781	0.0	0.0	52.12513732910156	51.85029220581055	0.0	52.52756881713867	0.0	0.0	41.023048400878906	0.0
0.0	29.92177963256836	52.92530822753906	0.0	0.0	49.3760871887207	0.0	0.0	50.66057205200195	50.398536682128906	0.0	51.05869674682617	0.0	0.0	39.8789176940918	0.0
0.0	29.88018035888672	52.83256149291992	0.0	0.0	49.304931640625	0.0	0.0	50.595428466796875	50.33000946044922	0.0	50.99746322631836	0.0	0.0	39.825111389160156	0.0
0.0	29.773176193237305	52.672855377197266	0.0	0.0	49.17570114135742	0.0	0.0	50.44060516357422	50.16353988647461	0.0	50.82701873779297	0.0	0.0	39.697967529296875	0.0
0.0	30.162639617919922	53.36314392089844	0.0	0.0	49.79694366455078	0.0	0.0	51.08735275268555	50.80799865722656	0.0	51.48109817504883	0.0	0.0	40.219425201416016	0.0
0.0	29.450101852416992	52.10183334350586	0.0	0.0	48.6162223815918	0.0	0.0	49.876705169677734	49.6077766418457	0.0	50.265377044677734	0.0	0.0	39.23566436767578	0.0
0.0	31.14252281188965	55.01348114013672	0.0	0.0	51.33559036254883	0.0	0.0	52.6806640625	52.39789581298828	0.0	53.108158111572266	0.0	0.0	41.45872497558594	0.0
0.0	29.2554931640625	51.76615905761719	0.0	0.0	48.325435638427734	0.0	0.0	49.57064437866211	49.29212951660156	0.0	49.951568603515625	0.0	0.0	39.01341247558594	0.0
0.0	30.270816802978516	53.52968978881836	0.0	0.0	49.955509185791016	0.0	0.0	51.24582290649414	50.97298812866211	0.0	51.648799896240234	0.0	0.0	40.3316535949707	0.0
0.0	30.192136764526367	53.42497253417969	0.0	0.0	49.833038330078125	0.0	0.0	51.155147552490234	50.90397644042969	0.0	51.58980178833008	0.0	0.0	40.2474365234375	0.0
0.0	30.218107223510742	53.450801849365234	0.0	0.0	49.87510299682617	0.0	0.0	51.18442916870117	50.89821243286133	0.0	51.57630920410156	0.0	0.0	40.277950286865234	0.0
0.0	29.927947998046875	52.9409294128418	0.0	0.0	49.40397262573242	0.0	0.0	50.69009780883789	50.405609130859375	0.0	51.090702056884766	0.0	0.0	39.889530181884766	0.0
0.0	30.08255386352539	53.219120025634766	0.0	0.0	49.63751220703125	0.0	0.0	50.94310760498047	50.67048645019531	0.0	51.33478927612305	0.0	0.0	40.083744049072266	0.0
0.0	30.625598907470703	54.14298629760742	0.0	0.0	50.46708679199219	0.0	0.0	51.794273376464844	51.518001556396484	0.0	52.206302642822266	0.0	0.0	40.74924850463867	0.0
0.0	30.6179141998291	54.134674072265625	0.0	0.0	50.5098762512207	0.0	0.0	51.82113265991211	51.527957916259766	0.0	52.22956466674805	0.0	0.0	40.77762222290039	0.0
0.0	30.203102111816406	53.42337417602539	0.0	0.0	49.871578216552734	0.0	0.0	51.150413513183594	50.89126205444336	0.0	51.55099868774414	0.0	0.0	40.272396087646484	0.0
0.0	30.09988021850586	53.24324035644531	0.0	0.0	49.689109802246094	0.0	0.0	50.981197357177734	50.707122802734375	0.0	51.38577651977539	0.0	0.0	40.12896728515625	0.0
0.0	29.914541244506836	52.92652893066406	0.0	0.0	49.386051177978516	0.0	0.0	50.68581771850586	50.40291213989258	0.0	51.0652961730957	0.0	0.0	39.89411544799805	0.0
0.0	29.937828063964844	52.965843200683594	0.0	0.0	49.421146392822266	0.0	0.0	50.706546783447266	50.45342254638672	0.0	51.1185302734375	0.0	0.0	39.90489196777344	0.0
0.0	30.104154586791992	53.24725341796875	0.0	0.0	49.70304489135742	0.0	0.0	50.989437103271484	50.709136962890625	0.0	51.383567810058594	0.0	0.0	40.131290435791016	0.0
0.0	29.940021514892578	52.9499626159668	0.0	0.0	49.42446517944336	0.0	0.0	50.69953155517578	50.42340850830078	0.0	51.09299087524414	0.0	0.0	39.90822219848633	0.0
0.0	29.76046371459961	52.675018310546875	0.0	0.0	49.17766571044922	0.0	0.0	50.42564392089844	50.15569305419922	0.0	50.84675979614258	0.0	0.0	39.691162109375	0.0
0.0	30.45983123779297	53.879276275634766	0.0	0.0	50.290740966796875	0.0	0.0	51.6027717590332	51.31584548950195	0.0	52.009464263916016	0.0	0.0	40.63725280761719	0.0
0.0	30.339319229125977	53.64390563964844	0.0	0.0	50.05654525756836	0.0	0.0	51.35487365722656	51.08773422241211	0.0	51.76535415649414	0.0	0.0	40.4166259765625	0.0
0.0	31.14581298828125	55.04468536376953	0.0	0.0	51.3698844909668	0.0	0.0	52.69454574584961	52.422080993652344	0.0	53.12868118286133	0.0	0.0	41.470760345458984	0.0
0.0	29.921653747558594	52.87863540649414	0.0	0.0	49.36368179321289	0.0	0.0	50.63067626953125	50.35361862182617	0.0	51.042606353759766	0.0	0.0	39.84049987792969	0.0
0.0	29.677478790283203	52.510231018066406	0.0	0.0	49.01890182495117	0.0	0.0	50.27690124511719	49.996131896972656	0.0	50.66746139526367	0.0	0.0	39.56836700439453	0.0
0.0	29.7387638092041	52.60172653198242	0.0	0.0	49.11091232299805	0.0	0.0	50.376075744628906	50.10448455810547	0.0	50.762821197509766	0.0	0.0	39.650421142578125	0.0
0.0	29.976947784423828	53.00741195678711	0.0	0.0	49.48876190185547	0.0	0.0	50.75611114501953	50.49314498901367	0.0	51.15361404418945	0.0	0.0	39.95095443725586	0.0
0.0	30.22880744934082	53.4317512512207	0.0	0.0	49.87199401855469	0.0	0.0	51.156917572021484	50.88929748535156	0.0	51.55562973022461	0.0	0.0	40.2662467956543	0.0
0.0	29.624862670898438	52.395111083984375	0.0	0.0	48.94124984741211	0.0	0.0	50.1928596496582	49.890235900878906	0.0	50.57718276977539	0.0	0.0	39.49685287475586	0.0
0.0	29.95159912109375	52.9744987487793	0.0	0.0	49.43654251098633	0.0	0.0	50.71077346801758	50.45586395263672	0.0	51.10163116455078	0.0	0.0	39.91741180419922	0.0
0.0	30.36592674255371	53.69194412231445	0.0	0.0	50.09520721435547	0.0	0.0	51.41142272949219	51.12642288208008	0.0	51.831661224365234	0.0	0.0	40.438289642333984	0.0
0.0	30.26093292236328	53.510047912597656	0.0	0.0	49.93182373046875	0.0	0.0	51.220497131347656	50.95763397216797	0.0	51.630821228027344	0.0	0.0	40.33002471923828	0.0
0.0	31.052242279052734	54.893699645996094	0.0	0.0	51.25022506713867	0.0	0.0	52.56584167480469	52.268157958984375	0.0	52.99329376220703	0.0	0.0	41.373085021972656	0.0
0.0	29.85985565185547	52.82057189941406	0.0	0.0	49.284156799316406	0.0	0.0	50.567466735839844	50.305335998535156	0.0	50.96876907348633	0.0	0.0	39.80044937133789	0.0
0.0	29.938732147216797	52.94532012939453	0.0	0.0	49.425621032714844	0.0	0.0	50.712188720703125	50.41360092163086	0.0	51.088436126708984	0.0	0.0	39.904319763183594	0.0
0.0	28.22736167907715	49.99357223510742	0.0	0.0	46.642066955566406	0.0	0.0	47.86310958862305	47.64073944091797	0.0	48.26188659667969	0.0	0.0	37.66139221191406	0.0
0.0	29.954195022583008	52.99444580078125	0.0	0.0	49.457271575927734	0.0	0.0	50.73262405395508	50.46327590942383	0.0	51.12328338623047	0.0	0.0	39.944889068603516	0.0
0.0	29.775819778442383	52.70527267456055	0.0	0.0	49.19137954711914	0.0	0.0	50.45295715332031	50.18899917602539	0.0	50.84318542480469	0.0	0.0	39.72172927856445	0.0
0.0	30.14143943786621	53.27598571777344	0.0	0.0	49.725486755371094	0.0	0.0	51.007568359375	50.70363235473633	0.0	51.41219711303711	0.0	0.0	40.129573822021484	0.0
0.0	30.550838470458984	53.98918151855469	0.0	0.0	50.39264678955078	0.0	0.0	51.70710372924805	51.427249908447266	0.0	52.11791229248047	0.0	0.0	40.700374603271484	0.0
0.0	29.647552490234375	52.47095489501953	0.0	0.0	48.94523620605469	0.0	0.0	50.22999954223633	49.98906326293945	0.0	50.6227912902832	0.0	0.0	39.52470016479492	0.0
0.0	30.00994873046875	53.10907745361328	0.0	0.0	49.553009033203125	0.0	0.0	50.84229278564453	50.5713005065918	0.0	51.23725891113281	0.0	0.0	40.030792236328125	0.0
0.0	29.337356567382812	51.89060592651367	0.0	0.0	48.42178726196289	0.0	0.0	49.67479705810547	49.4249153137207	0.0	50.06065368652344	0.0	0.0	39.06709289550781	0.0
0.0	29.9034481048584	52.93885803222656	0.0	0.0	49.40996551513672	0.0	0.0	50.68901824951172	50.41851806640625	0.0	51.08769226074219	0.0	0.0	39.896812438964844	0.0
0.0	30.1970157623291	53.429237365722656	0.0	0.0	49.85972595214844	0.0	0.0	51.14469528198242	50.900386810302734	0.0	51.544395446777344	0.0	0.0	40.26575469970703	0.0
0.0	30.130136489868164	53.27641677856445	0.0	0.0	49.70235824584961	0.0	0.0	50.992828369140625	50.72916793823242	0.0	51.38838195800781	0.0	0.0	40.121376037597656	0.0
0.0	30.2779483795166	53.538299560546875	0.0	0.0	49.96303939819336	0.0	0.0	51.25407028198242	50.99397659301758	0.0	51.65922927856445	0.0	0.0	40.337364196777344	0.0
0.0	30.115724563598633	53.27156066894531	0.0	0.0	49.71681594848633	0.0	0.0	51.000179290771484	50.76737976074219	0.0	51.411293029785156	0.0	0.0	40.136051177978516	0.0
0.0	30.002077102661133	53.06903839111328	0.0	0.0	49.52467346191406	0.0	0.0	50.8159065246582	50.554195404052734	0.0	51.211181640625	0.0	0.0	40.01162338256836	0.0
0.0	30.280237197875977	53.5466194152832	0.0	0.0	49.99261474609375	0.0	0.0	51.28288269042969	50.99672317504883	0.0	51.68559265136719	0.0	0.0	40.37240219116211	0.0
0.0	30.970075607299805	54.75734329223633	0.0	0.0	51.1008186340332	0.0	0.0	52.41685485839844	52.1302490234375	0.0	52.83494567871094	0.0	0.0	41.26544189453125	0.0
0.0	29.99060821533203	53.02467727661133	0.0	0.0	49.49199676513672	0.0	0.0	50.77846145629883	50.506568908691406	0.0	51.177040100097656	0.0	0.0	39.96174621582031	0.0
0.0	30.193824768066406	53.4271240234375	0.0	0.0	49.88184356689453	0.0	0.0	51.160125732421875	50.89468002319336	0.0	51.55081558227539	0.0	0.0	40.23493957519531	0.0
0.0	30.08290672302246	53.22954559326172	0.0	0.0	49.677974700927734	0.0	0.0	50.979156494140625	50.71126174926758	0.0	51.373722076416016	0.0	0.0	40.14208984375	0.0
0.0	30.235889434814453	53.488983154296875	0.0	0.0	49.92130661010742	0.0	0.0	51.21223449707031	50.9603271484375	0.0	51.61518478393555	0.0	0.0	40.31650161743164	0.0
0.0	30.286359786987305	53.56352233886719	0.0	0.0	49.9779052734375	0.0	0.0	51.28936004638672	51.032047271728516	0.0	51.69329833984375	0.0	0.0	40.374473571777344	0.0
0.0	30.600027084350586	54.07737350463867	0.0	0.0	50.483543395996094	0.0	0.0	51.79585266113281	51.51066589355469	0.0	52.1986083984375	0.0	0.0	40.75675964355469	0.0
0.0	30.68818473815918	54.26057815551758	0.0	0.0	50.638343811035156	0.0	0.0	51.949058532714844	51.672550201416016	0.0	52.358055114746094	0.0	0.0	40.885929107666016	0.0
0.0	29.72260856628418	52.57650375366211	0.0	0.0	49.06129837036133	0.0	0.0	50.320552825927734	50.07573318481445	0.0	50.71234893798828	0.0	0.0	39.60936737060547	0.0
0.0	28.202850341796875	49.93107986450195	0.0	0.0	46.62840270996094	0.0	0.0	47.80131530761719	47.56128692626953	0.0	48.18525314331055	0.0	0.0	37.61840057373047	0.0
0.0	29.931108474731445	52.94221878051758	0.0	0.0	49.42707824707031	0.0	0.0	50.70301818847656	50.43282699584961	0.0	51.09115982055664	0.0	0.0	39.90816116333008	0.0
0.0	27.850013732910156	49.3036003112793	0.0	0.0	45.99403381347656	0.0	0.0	47.1921272277832	46.919429779052734	0.0	47.53797149658203	0.0	0.0	37.119041442871094	0.0
0.0	31.30756378173828	55.324378967285156	0.0	0.0	51.61368179321289	0.0	0.0	52.933616638183594	52.66978454589844	0.0	53.34521484375	0.0	0.0	41.71327209472656	0.0
0.0	30.520902633666992	53.94050598144531	0.0	0.0	50.369083404541016	0.0	0.0	51.667789459228516	51.397422790527344	0.0	52.08026123046875	0.0	0.0	40.671234130859375	0.0
0.0	29.953950881958008	52.97213363647461	0.0	0.0	49.43912124633789	0.0	0.0	50.71041488647461	50.42022705078125	0.0	51.10955810546875	0.0	0.0	39.9260368347168	0.0
0.0	30.53312873840332	53.98291015625	0.0	0.0	50.37657928466797	0.0	0.0	51.67771530151367	51.396663665771484	0.0	52.09895706176758	0.0	0.0	40.661643981933594	0.0
0.0	30.027664184570312	53.088523864746094	0.0	0.0	49.5482063293457	0.0	0.0	50.8510627746582	50.558982849121094	0.0	51.231441497802734	0.0	0.0	40.02272415161133	0.0
0.0	29.248916625976562	51.704254150390625	0.0	0.0	48.227561950683594	0.0	0.0	49.47012710571289	49.235267639160156	0.0	49.88043212890625	0.0	0.0	38.91008758544922	0.0
0.0	30.712860107421875	54.326419830322266	0.0	0.0	50.72430419921875	0.0	0.0	52.02444076538086	51.734989166259766	0.0	52.429542541503906	0.0	0.0	40.950660705566406	0.0
0.0	31.792827606201172	56.13252258300781	0.0	0.0	52.413780212402344	0.0	0.0	53.765811920166016	53.46247100830078	0.0	54.177833557128906	0.0	0.0	42.332210540771484	0.0
0.0	30.44249153137207	53.873653411865234	0.0	0.0	50.28187561035156	0.0	0.0	51.58346176147461	51.30103302001953	0.0	51.98555374145508	0.0	0.0	40.60759735107422	0.0
0.0	30.402088165283203	53.76325988769531	0.0	0.0	50.149471282958984	0.0	0.0	51.465736389160156	51.1962776184082	0.0	51.864192962646484	0.0	0.0	40.518653869628906	0.0
0.0	30.002059936523438	53.045448303222656	0.0	0.0	49.5321044921875	0.0	0.0	50.82341003417969	50.5335807800293	0.0	51.18684005737305	0.0	0.0	40.004486083984375	0.0
0.0	29.07884979248047	51.47879409790039	0.0	0.0	48.017295837402344	0.0	0.0	49.27187728881836	49.01279830932617	0.0	49.66055679321289	0.0	0.0	38.77488327026367	0.0
0.0	31.957611083984375	56.409629821777344	0.0	0.0	52.646636962890625	0.0	0.0	54.028141021728516	53.70485305786133	0.0	54.45853805541992	0.0	0.0	42.49601364135742	0.0
0.0	30.507946014404297	53.94487762451172	0.0	0.0	50.346893310546875	0.0	0.0	51.654029846191406	51.384342193603516	0.0	52.05290985107422	0.0	0.0	40.66546630859375	0.0
0.0	32.3419189453125	57.064273834228516	0.0	0.0	53.256839752197266	0.0	0.0	54.65025329589844	54.33662796020508	0.0	55.06693649291992	0.0	0.0	43.05026626586914	0.0
0.0	29.29482078552246	51.822566986083984	0.0	0.0	48.37755584716797	0.0	0.0	49.61831283569336	49.355567932128906	0.0	50.00931167602539	0.0	0.0	39.05928421020508	0.0
0.0	29.589982986450195	52.327880859375	0.0	0.0	48.86292266845703	0.0	0.0	50.11475372314453	49.8374137878418	0.0	50.50083541870117	0.0	0.0	39.429195404052734	0.0
0.0	30.134212493896484	53.29615020751953	0.0	0.0	49.743873596191406	0.0	0.0	51.027435302734375	50.73811721801758	0.0	51.417484283447266	0.0	0.0	40.16086196899414	0.0
0.0	30.503650665283203	53.94963836669922	0.0	0.0	50.34804916381836	0.0	0.0	51.64372253417969	51.395668029785156	0.0	52.08273696899414	0.0	0.0	40.65134048461914	0.0
0.0	29.930805206298828	52.90520477294922	0.0	0.0	49.369468688964844	0.0	0.0	50.66817092895508	50.39691925048828	0.0	51.0611686706543	0.0	0.0	39.878753662109375	0.0
0.0	30.191028594970703	53.37090301513672	0.0	0.0	49.82737350463867	0.0	0.0	51.117671966552734	50.83319091796875	0.0	51.51172637939453	0.0	0.0	40.23838806152344	0.0
0.0	29.711286544799805	52.55255889892578	0.0	0.0	49.021060943603516	0.0	0.0	50.29219055175781	50.02781295776367	0.0	50.66790771484375	0.0	0.0	39.571205139160156	0.0
0.0	30.015708923339844	53.0914192199707	0.0	0.0	49.55539321899414	0.0	0.0	50.83815383911133	50.556636810302734	0.0	51.2425537109375	0.0	0.0	40.00847244262695	0.0
0.0	30.72943878173828	54.33710861206055	0.0	0.0	50.69564437866211	0.0	0.0	52.034881591796875	51.721221923828125	0.0	52.42157745361328	0.0	0.0	40.95984649658203	0.0
0.0	30.4550724029541	53.89767837524414	0.0	0.0	50.295745849609375	0.0	0.0	51.610042572021484	51.324729919433594	0.0	52.00642395019531	0.0	0.0	40.62407684326172	0.0
0.0	30.389127731323242	53.75948715209961	0.0	0.0	50.158935546875	0.0	0.0	51.45892333984375	51.193119049072266	0.0	51.862918853759766	0.0	0.0	40.49205780029297	0.0
0.0	29.597219467163086	52.368526458740234	0.0	0.0	48.876930236816406	0.0	0.0	50.139442443847656	49.864688873291016	0.0	50.529884338378906	0.0	0.0	39.45819091796875	0.0
0.0	30.645700454711914	54.20673370361328	0.0	0.0	50.57130432128906	0.0	0.0	51.89147186279297	51.62587356567383	0.0	52.305049896240234	0.0	0.0	40.84043502807617	0.0
0.0	30.179122924804688	53.36732864379883	0.0	0.0	49.810211181640625	0.0	0.0	51.101348876953125	50.81317138671875	0.0	51.49958038330078	0.0	0.0	40.200687408447266	0.0
0.0	29.63018035888672	52.433135986328125	0.0	0.0	48.92657470703125	0.0	0.0	50.18186950683594	49.93265914916992	0.0	50.577247619628906	0.0	0.0	39.491554260253906	0.0
0.0	32.7329216003418	57.810325622558594	0.0	0.0	53.92484664916992	0.0	0.0	55.381446838378906	55.05695724487305	0.0	55.796546936035156	0.0	0.0	43.59035873413086	0.0
0.0	30.069902420043945	53.17256546020508	0.0	0.0	49.610172271728516	0.0	0.0	50.90176773071289	50.63209915161133	0.0	51.29269790649414	0.0	0.0	40.07373809814453	0.0
0.0	29.69655418395996	52.54508590698242	0.0	0.0	49.0500373840332	0.0	0.0	50.31356430053711	50.033851623535156	0.0	50.68766784667969	0.0	0.0	39.599002838134766	0.0
0.0	29.67487144470215	52.463958740234375	0.0	0.0	48.93329620361328	0.0	0.0	50.19828796386719	49.96827697753906	0.0	50.60345458984375	0.0	0.0	39.499263763427734	0.0
0.0	30.267593383789062	53.551944732666016	0.0	0.0	49.963565826416016	0.0	0.0	51.245147705078125	51.006927490234375	0.0	51.67397689819336	0.0	0.0	40.337833404541016	0.0
0.0	30.19875717163086	53.409400939941406	0.0	0.0	49.84457778930664	0.0	0.0	51.139774322509766	50.869293212890625	0.0	51.535247802734375	0.0	0.0	40.23720932006836	0.0
0.0	30.562881469726562	54.05604553222656	0.0	0.0	50.43099594116211	0.0	0.0	51.73908233642578	51.456565856933594	0.0	52.14553451538086	0.0	0.0	40.72203063964844	0.0
0.0	30.070711135864258	53.20725631713867	0.0	0.0	49.642066955566406	0.0	0.0	50.93452835083008	50.681243896484375	0.0	51.33374786376953	0.0	0.0	40.09135055541992	0.0
0.0	29.954021453857422	52.968685150146484	0.0	0.0	49.44837188720703	0.0	0.0	50.72039794921875	50.459022521972656	0.0	51.11247253417969	0.0	0.0	39.921939849853516	0.0
0.0	29.916858673095703	52.94300079345703	0.0	0.0	49.38494110107422	0.0	0.0	50.669403076171875	50.403446197509766	0.0	51.061370849609375	0.0	0.0	39.885108947753906	0.0
0.0	30.011478424072266	53.09773254394531	0.0	0.0	49.54862976074219	0.0	0.0	50.83650207519531	50.54792022705078	0.0	51.230159759521484	0.0	0.0	40.01175308227539	0.0
0.0	28.509593963623047	50.54847717285156	0.0	0.0	47.13676452636719	0.0	0.0	48.36894989013672	48.11623764038086	0.0	48.76586151123047	0.0	0.0	38.04191970825195	0.0
