0.0	0.19275787472724915	0.0	0.0	0.0650651603937149	0.14378045499324799	0.20209139585494995	0.1770012378692627	0.0	0.0	0.0	0.15282651782035828	0.17436999082565308	0.19681230187416077	0.0	0.1663992702960968	0.0	0.17177468538284302	0.0	0.0	0.0	0.15226414799690247	0.0	0.0	0.17600032687187195	0.0	0.0	0.0	0.0	0.02211928740143776	0.0	0.0	0.012542753480374813	0.16253092885017395	0.0	0.0	0.0	0.0	0.0	0.15700504183769226	0.190815731883049	0.0	0.0	0.13744354248046875	0.0	0.0	0.1348152756690979	0.18156762421131134	0.0	0.1306440532207489	0.0	0.05034545809030533	0.0	0.0	0.055368900299072266	0.05920224264264107	0.0	0.0	0.0	0.16649053990840912	0.0	0.0	0.13611088693141937	0.0
0.0	0.24501970410346985	0.0	0.0	0.09458307176828384	0.17263565957546234	0.25102224946022034	0.22554248571395874	0.0	0.0	0.0	0.2034708857536316	0.20252971351146698	0.21111036837100983	0.0	0.1962364912033081	0.0	0.21768593788146973	0.0	0.0	0.0	0.20213039219379425	0.0	0.0	0.22003968060016632	0.0	0.0	0.0	0.0	0.005218171980232	0.0	0.0	0.0076597812585532665	0.18731588125228882	0.0	0.0	0.0	0.0	0.0	0.1977982223033905	0.24514879286289215	0.0	0.0	0.1886269450187683	0.0	0.0	0.1936803013086319	0.2320718616247177	0.0	0.1813199669122696	0.0	0.06915730983018875	0.0	0.0	0.07341297715902328	0.07749441266059875	0.0	0.0	0.0	0.20414012670516968	0.0	0.0	0.16753515601158142	0.0
0.0	0.2511935234069824	0.0	0.0	0.0972742885351181	0.17620691657066345	0.2880074083805084	0.22840066254138947	0.0	0.0	0.0	0.2201983779668808	0.22086475789546967	0.24315251410007477	0.0	0.2034386247396469	0.0	0.23104676604270935	0.0	0.0	0.0	0.20831742882728577	0.0	0.0	0.23999781906604767	0.0	0.0	0.0	0.0	0.01109760906547308	0.0	0.0	0.015262722037732601	0.18658603727817535	0.0	0.0	0.0	0.0	0.0	0.2134680151939392	0.2601938843727112	0.0	0.0	0.19472701847553253	0.0	0.0	0.19835227727890015	0.25442594289779663	0.0	0.19694742560386658	0.0	0.07261408865451813	0.0	0.0	0.07891377806663513	0.09331656247377396	0.0	0.0	0.0	0.2091580480337143	0.0	0.0	0.1885048747062683	0.0
0.0	0.2358187586069107	0.0	0.0	0.10335450619459152	0.182602196931839	0.2606194019317627	0.2024402767419815	0.0	0.0	0.0	0.2020278126001358	0.22145044803619385	0.2298440784215927	0.0	0.20558954775333405	0.0	0.22283582389354706	0.0	0.0	0.0	0.19821985065937042	0.0	0.0	0.24099399149417877	0.0	0.0	0.0	0.0	0.001221291720867157	0.0	0.0	0.03913692757487297	0.20848698914051056	0.0	0.0	0.0	0.0	0.0	0.20808298885822296	0.24743780493736267	0.0	0.0	0.20022636651992798	0.0	0.0	0.18481320142745972	0.23941200971603394	0.0	0.1785503476858139	0.0	0.05699925124645233	0.0	0.0	0.07131776958703995	0.08476699888706207	0.0	0.0	0.0	0.21994715929031372	0.0	0.0	0.17677631974220276	0.0
0.0	0.21611106395721436	0.0	0.0	0.088131844997406	0.14722152054309845	0.22796572744846344	0.19074323773384094	0.0	0.0	0.0	0.1684492528438568	0.18522335588932037	0.20362316071987152	0.0	0.16505536437034607	0.0	0.18525567650794983	0.0	0.0	0.0	0.1669151782989502	0.0	0.0	0.19264845550060272	0.0	0.0	0.0	0.0	0.009048324078321457	0.0	0.0	0.015874048694968224	0.16421817243099213	0.0	0.0	0.0	0.0	0.0	0.1748068779706955	0.21228283643722534	0.0	0.0	0.15460513532161713	0.0	0.0	0.16026994585990906	0.1988837569952011	0.0	0.1471024453639984	0.0	0.05550391972064972	0.0	0.0	0.05575752630829811	0.05537780001759529	0.0	0.0	0.0	0.1760421246290207	0.0	0.0	0.1398330181837082	0.0
0.0	0.22163982689380646	0.0	0.0	0.08153985440731049	0.15487278997898102	0.23323282599449158	0.2123059779405594	0.0	0.0	0.0	0.17268092930316925	0.19103652238845825	0.2097989022731781	0.0	0.18462061882019043	0.0	0.19252367317676544	0.0	0.0	0.0	0.17090198397636414	0.0	0.0	0.19820113480091095	0.0	0.0	0.0	0.0	0.006278626155108213	0.0	0.0	0.020894134417176247	0.18098461627960205	0.0	0.0	0.0	0.0	0.0	0.17463862895965576	0.21671131253242493	0.0	0.0	0.16241054236888885	0.0	0.0	0.15949219465255737	0.2027876377105713	0.0	0.15601399540901184	0.0	0.06045829504728317	0.0	0.0	0.05033624917268753	0.08191930502653122	0.0	0.0	0.0	0.18576663732528687	0.0	0.0	0.1451369971036911	0.0
0.0	0.2128366082906723	0.0	0.0	0.0823308452963829	0.15038450062274933	0.22325602173805237	0.18995483219623566	0.0	0.0	0.0	0.17949683964252472	0.18117755651474	0.19758661091327667	0.0	0.18598243594169617	0.0	0.19805489480495453	0.0	0.0	0.0	0.16923022270202637	0.0	0.0	0.20049487054347992	0.0	0.0	0.0	0.0	0.016953371465206146	0.0	0.0	0.011167287826538086	0.18495598435401917	0.0	0.0	0.0	0.0	0.0	0.16988800466060638	0.213375061750412	0.0	0.0	0.16580407321453094	0.0	0.0	0.16682568192481995	0.20308983325958252	0.0	0.151724711060524	0.0	0.06519190222024918	0.0	0.0	0.055314939469099045	0.0712646096944809	0.0	0.0	0.0	0.1845516562461853	0.0	0.0	0.15633073449134827	0.0
0.0	0.20499160885810852	0.0	0.0	0.07205307483673096	0.14425021409988403	0.21056675910949707	0.18626777827739716	0.0	0.0	0.0	0.16516174376010895	0.17892420291900635	0.1846090406179428	0.0	0.18334105610847473	0.0	0.18404075503349304	0.0	0.0	0.0	0.16763296723365784	0.0	0.0	0.18162879347801208	0.0	0.0	0.0	0.0	0.008602548390626907	0.0	0.0	0.011684647761285305	0.17590424418449402	0.0	0.0	0.0	0.0	0.0	0.1719151884317398	0.19991956651210785	0.0	0.0	0.1586255133152008	0.0	0.0	0.15376150608062744	0.18578727543354034	0.0	0.13749824464321136	0.0	0.058139462023973465	0.0	0.0	0.054651834070682526	0.06547185778617859	0.0	0.0	0.0	0.1747826784849167	0.0	0.0	0.1494026780128479	0.0
0.0	0.22341062128543854	0.0	0.0	0.09135286509990692	0.16439422965049744	0.2343805581331253	0.19331105053424835	0.0	0.0	0.0	0.18257352709770203	0.18483991920948029	0.21047639846801758	0.0	0.18116289377212524	0.0	0.19631348550319672	0.0	0.0	0.0	0.17864549160003662	0.0	0.0	0.20194853842258453	0.0	0.0	0.0	0.0	0.006032891571521759	0.0	0.0	0.02303304150700569	0.1725125014781952	0.0	0.0	0.0	0.0	0.0	0.18824921548366547	0.21898870170116425	0.0	0.0	0.16675110161304474	0.0	0.0	0.16116994619369507	0.2063477337360382	0.0	0.1527673304080963	0.0	0.0709867998957634	0.0	0.0	0.06275513023138046	0.07255996763706207	0.0	0.0	0.0	0.18242426216602325	0.0	0.0	0.16082671284675598	0.0
0.0	0.2064822018146515	0.0	0.0	0.06732065230607986	0.15571540594100952	0.21994701027870178	0.18469275534152985	0.0	0.0	0.0	0.15855446457862854	0.17529115080833435	0.19188453257083893	0.0	0.165747731924057	0.0	0.1782817393541336	0.0	0.0	0.0	0.16320639848709106	0.0	0.0	0.18068838119506836	0.0	0.0	0.0	0.0	0.004580841399729252	0.0	0.0	0.01165122538805008	0.1789996474981308	0.0	0.0	0.0	0.0	0.0	0.1647571623325348	0.20881448686122894	0.0	0.0	0.1534181386232376	0.0	0.0	0.15309813618659973	0.19271863996982574	0.0	0.14114049077033997	0.0	0.05950868874788284	0.0	0.0	0.056422486901283264	0.05646127834916115	0.0	0.0	0.0	0.17251738905906677	0.0	0.0	0.1519813984632492	0.0
0.0	0.20567087829113007	0.0	0.0	0.07493507862091064	0.141153022646904	0.2056889683008194	0.18224675953388214	0.0	0.0	0.0	0.1606787145137787	0.1710541695356369	0.18939842283725739	0.0	0.17629210650920868	0.0	0.17865006625652313	0.0	0.0	0.0	0.15972885489463806	0.0	0.0	0.17862515151500702	0.0	0.0	0.0	0.0	0.011469352059066296	0.0	0.0	0.012956660240888596	0.17386674880981445	0.0	0.0	0.0	0.0	0.0	0.16050907969474792	0.20188891887664795	0.0	0.0	0.14912480115890503	0.0	0.0	0.15404610335826874	0.18454450368881226	0.0	0.1383843868970871	0.0	0.06634018570184708	0.0	0.0	0.04985413700342178	0.06531872600317001	0.0	0.0	0.0	0.17253178358078003	0.0	0.0	0.14555177092552185	0.0
0.0	0.20204265415668488	0.0	0.0	0.07929441332817078	0.15296629071235657	0.20497149229049683	0.17708151042461395	0.0	0.0	0.0	0.16998566687107086	0.18572890758514404	0.18647143244743347	0.0	0.16927067935466766	0.0	0.18705140054225922	0.0	0.0	0.0	0.15560391545295715	0.0	0.0	0.18918590247631073	0.0	0.0	0.0	0.0	0.026741452515125275	0.0	0.0	0.02198484167456627	0.17519205808639526	0.0	0.0	0.0	0.0	0.0	0.1716511994600296	0.2033284455537796	0.0	0.0	0.15486620366573334	0.0	0.0	0.1468595713376999	0.1829247623682022	0.0	0.14312687516212463	0.0	0.05550207942724228	0.0	0.0	0.051424071192741394	0.07537844032049179	0.0	0.0	0.0	0.17152780294418335	0.0	0.0	0.1523975133895874	0.0
0.0	0.24720866978168488	0.0	0.0	0.09144867211580276	0.17623290419578552	0.2568696439266205	0.19971361756324768	0.0	0.0	0.0	0.1905282586812973	0.19881977140903473	0.2232116311788559	0.0	0.20346316695213318	0.0	0.20645920932292938	0.0	0.0	0.0	0.19215121865272522	0.0	0.0	0.21907669305801392	0.0	0.0	0.0	0.0	0.007180402055382729	0.0	0.0	0.011781741864979267	0.1781848520040512	0.0	0.0	0.0	0.0	0.0	0.20500895380973816	0.25096336007118225	0.0	0.0	0.1704934537410736	0.0	0.0	0.19154693186283112	0.23578236997127533	0.0	0.17822478711605072	0.0	0.07210958003997803	0.0	0.0	0.06555765122175217	0.06732688844203949	0.0	0.0	0.0	0.18878977000713348	0.0	0.0	0.17438547313213348	0.0
0.0	0.235529363155365	0.0	0.0	0.09776141494512558	0.17441558837890625	0.26309239864349365	0.19688746333122253	0.0	0.0	0.0	0.18414823710918427	0.2181146740913391	0.23452019691467285	0.0	0.19783547520637512	0.0	0.21271248161792755	0.0	0.0	0.0	0.1846221387386322	0.0	0.0	0.23151199519634247	0.0	0.0	0.0	0.0	0.013341783545911312	0.0	0.0	0.030144743621349335	0.19085541367530823	0.0	0.0	0.0	0.0	0.0	0.18185220658779144	0.23941197991371155	0.0	0.0	0.18313856422901154	0.0	0.0	0.18578378856182098	0.21983332931995392	0.0	0.1817285418510437	0.0	0.06324548274278641	0.0	0.0	0.06516812741756439	0.07703424990177155	0.0	0.0	0.0	0.21035835146903992	0.0	0.0	0.17681165039539337	0.0
0.0	0.2081270068883896	0.0	0.0	0.08660722523927689	0.164295494556427	0.21540260314941406	0.1878981739282608	0.0	0.0	0.0	0.181044340133667	0.19349715113639832	0.18530888855457306	0.0	0.18192847073078156	0.0	0.1878853589296341	0.0	0.0	0.0	0.17326615750789642	0.0	0.0	0.20306140184402466	0.0	0.0	0.0	0.0	0.012199207209050655	0.0	0.0	0.016632797196507454	0.1738826036453247	0.0	0.0	0.0	0.0	0.0	0.18709412217140198	0.22878095507621765	0.0	0.0	0.16608983278274536	0.0	0.0	0.16696712374687195	0.1951642632484436	0.0	0.14651741087436676	0.0	0.060943204909563065	0.0	0.0	0.050487346947193146	0.07637969404459	0.0	0.0	0.0	0.17611129581928253	0.0	0.0	0.15935736894607544	0.0
0.0	0.1945951282978058	0.0	0.0	0.07226074486970901	0.15567636489868164	0.215704545378685	0.18444305658340454	0.0	0.0	0.0	0.16540484130382538	0.17438891530036926	0.20069198310375214	0.0	0.1703852415084839	0.0	0.17983894050121307	0.0	0.0	0.0	0.16372865438461304	0.0	0.0	0.18677371740341187	0.0	0.0	0.0	0.0	0.0024273418821394444	0.0	0.0	0.008606347255408764	0.17145158350467682	0.0	0.0	0.0	0.0	0.0	0.16632750630378723	0.2026311457157135	0.0	0.0	0.14273183047771454	0.0	0.0	0.14552928507328033	0.19621020555496216	0.0	0.13338014483451843	0.0	0.058081451803445816	0.0	0.0	0.05185934528708458	0.06677446514368057	0.0	0.0	0.0	0.1799117922782898	0.0	0.0	0.14477011561393738	0.0
0.0	0.20982614159584045	0.0	0.0	0.08075740188360214	0.1586899608373642	0.2243577539920807	0.18514975905418396	0.0	0.0	0.0	0.16702483594417572	0.18355931341648102	0.2009817361831665	0.0	0.15925399959087372	0.0	0.1826876997947693	0.0	0.0	0.0	0.16418316960334778	0.0	0.0	0.1932857632637024	0.0	0.0	0.0	0.0	0.008471310138702393	0.0	0.0	0.011818807572126389	0.17083391547203064	0.0	0.0	0.0	0.0	0.0	0.15888790786266327	0.2047601044178009	0.0	0.0	0.15068721771240234	0.0	0.0	0.16019241511821747	0.19463586807250977	0.0	0.1421874761581421	0.0	0.05971428006887436	0.0	0.0	0.05779852345585823	0.06457043439149857	0.0	0.0	0.0	0.1757342517375946	0.0	0.0	0.14353810250759125	0.0
0.0	0.20603471994400024	0.0	0.0	0.07596426457166672	0.14769096672534943	0.20712246000766754	0.18637901544570923	0.0	0.0	0.0	0.16232091188430786	0.17335647344589233	0.1947716921567917	0.0	0.17725132405757904	0.0	0.19034110009670258	0.0	0.0	0.0	0.16301001608371735	0.0	0.0	0.1920354813337326	0.0	0.0	0.0	0.0	0.022329477593302727	0.0	0.0	0.013223403133451939	0.17851440608501434	0.0	0.0	0.0	0.0	0.0	0.15722976624965668	0.21073564887046814	0.0	0.0	0.15040913224220276	0.0	0.0	0.1578596830368042	0.18774151802062988	0.0	0.14693273603916168	0.0	0.05794726312160492	0.0	0.0	0.05633985623717308	0.07638268917798996	0.0	0.0	0.0	0.17056436836719513	0.0	0.0	0.1451379656791687	0.0
0.0	0.22090157866477966	0.0	0.0	0.08834835141897202	0.15744853019714355	0.23379731178283691	0.19812779128551483	0.0	0.0	0.0	0.17775295674800873	0.19749504327774048	0.20646034181118011	0.0	0.19048692286014557	0.0	0.20035389065742493	0.0	0.0	0.0	0.17845189571380615	0.0	0.0	0.20720964670181274	0.0	0.0	0.0	0.0	0.009202671237289906	0.0	0.0	0.012474692426621914	0.1878064125776291	0.0	0.0	0.0	0.0	0.0	0.17815746366977692	0.21334101259708405	0.0	0.0	0.15511810779571533	0.0	0.0	0.16533628106117249	0.20234902203083038	0.0	0.15917587280273438	0.0	0.06416604667901993	0.0	0.0	0.06291785836219788	0.07845092564821243	0.0	0.0	0.0	0.1892869770526886	0.0	0.0	0.14534135162830353	0.0
0.0	0.2013927400112152	0.0	0.0	0.08037680387496948	0.14753325283527374	0.21575982868671417	0.17725765705108643	0.0	0.0	0.0	0.15890690684318542	0.17952318489551544	0.19176973402500153	0.0	0.16535548865795135	0.0	0.17904368042945862	0.0	0.0	0.0	0.1554526537656784	0.0	0.0	0.18160878121852875	0.0	0.0	0.0	0.0	0.010962827131152153	0.0	0.0	0.018659699708223343	0.17021892964839935	0.0	0.0	0.0	0.0	0.0	0.1612825244665146	0.19929879903793335	0.0	0.0	0.14516013860702515	0.0	0.0	0.1439671665430069	0.18107497692108154	0.0	0.13531355559825897	0.0	0.0561787374317646	0.0	0.0	0.05501865968108177	0.05690450966358185	0.0	0.0	0.0	0.17561525106430054	0.0	0.0	0.14429739117622375	0.0
0.0	0.20192308723926544	0.0	0.0	0.07760666310787201	0.1518334448337555	0.21338795125484467	0.17981335520744324	0.0	0.0	0.0	0.15990836918354034	0.17685513198375702	0.1937788426876068	0.0	0.16046039760112762	0.0	0.18247179687023163	0.0	0.0	0.0	0.16883906722068787	0.0	0.0	0.18167775869369507	0.0	0.0	0.0	0.0	0.005677818786352873	0.0	0.0	0.01930588111281395	0.17700640857219696	0.0	0.0	0.0	0.0	0.0	0.1606059968471527	0.19882486760616302	0.0	0.0	0.14441943168640137	0.0	0.0	0.1467009335756302	0.19530631601810455	0.0	0.13412170112133026	0.0	0.06091269850730896	0.0	0.0	0.05958298593759537	0.05750580504536629	0.0	0.0	0.0	0.17362210154533386	0.0	0.0	0.1390380859375	0.0
0.0	0.22113868594169617	0.0	0.0	0.08322956413030624	0.15070101618766785	0.22120949625968933	0.19593703746795654	0.0	0.0	0.0	0.17507821321487427	0.1890934407711029	0.20308560132980347	0.0	0.1800265908241272	0.0	0.19284994900226593	0.0	0.0	0.0	0.17129245400428772	0.0	0.0	0.19541725516319275	0.0	0.0	0.0	0.0	0.005591492634266615	0.0	0.0	0.012998640537261963	0.18630340695381165	0.0	0.0	0.0	0.0	0.0	0.18103131651878357	0.2211952656507492	0.0	0.0	0.15341340005397797	0.0	0.0	0.1661802977323532	0.2105424851179123	0.0	0.1524745523929596	0.0	0.055756937712430954	0.0	0.0	0.06235970929265022	0.06929408758878708	0.0	0.0	0.0	0.18347591161727905	0.0	0.0	0.14815224707126617	0.0
0.0	0.21906912326812744	0.0	0.0	0.08512013405561447	0.15312135219573975	0.23360170423984528	0.19698567688465118	0.0	0.0	0.0	0.17269623279571533	0.18950586020946503	0.20866383612155914	0.0	0.18025438487529755	0.0	0.19071617722511292	0.0	0.0	0.0	0.18326614797115326	0.0	0.0	0.1980891078710556	0.0	0.0	0.0	0.0	0.010722351260483265	0.0	0.0	0.024499505758285522	0.17543761432170868	0.0	0.0	0.0	0.0	0.0	0.17999738454818726	0.22244933247566223	0.0	0.0	0.15866126120090485	0.0	0.0	0.15961329638957977	0.20477214455604553	0.0	0.14521077275276184	0.0	0.06597825884819031	0.0	0.0	0.06294629722833633	0.0688997283577919	0.0	0.0	0.0	0.18602660298347473	0.0	0.0	0.14943094551563263	0.0
0.0	0.2196851223707199	0.0	0.0	0.08039084821939468	0.1509142518043518	0.2320081889629364	0.19979380071163177	0.0	0.0	0.0	0.1696576625108719	0.17984004318714142	0.1975954920053482	0.0	0.17821504175662994	0.0	0.18950578570365906	0.0	0.0	0.0	0.173463836312294	0.0	0.0	0.19643548130989075	0.0	0.0	0.0	0.0	0.015184886753559113	0.0	0.0	0.01083820778876543	0.1873844861984253	0.0	0.0	0.0	0.0	0.0	0.17288894951343536	0.22350884974002838	0.0	0.0	0.16052953898906708	0.0	0.0	0.16650071740150452	0.21031999588012695	0.0	0.15075835585594177	0.0	0.06942761689424515	0.0	0.0	0.06465905904769897	0.06458298116922379	0.0	0.0	0.0	0.1816442757844925	0.0	0.0	0.14858946204185486	0.0
0.0	0.21533720195293427	0.0	0.0	0.0747954323887825	0.15134327113628387	0.22561506927013397	0.19341464340686798	0.0	0.0	0.0	0.17496635019779205	0.18112397193908691	0.19818374514579773	0.0	0.18648333847522736	0.0	0.19621236622333527	0.0	0.0	0.0	0.1706613451242447	0.0	0.0	0.2019437700510025	0.0	0.0	0.0	0.0	0.01332472637295723	0.0	0.0	0.015972547233104706	0.18071132898330688	0.0	0.0	0.0	0.0	0.0	0.17287875711917877	0.2189539223909378	0.0	0.0	0.1609896421432495	0.0	0.0	0.16328397393226624	0.20749709010124207	0.0	0.14874997735023499	0.0	0.058745600283145905	0.0	0.0	0.0589507631957531	0.07378806173801422	0.0	0.0	0.0	0.17860852181911469	0.0	0.0	0.15031230449676514	0.0
0.0	0.21115995943546295	0.0	0.0	0.0919751450419426	0.14833039045333862	0.2298201024532318	0.19578689336776733	0.0	0.0	0.0	0.16287720203399658	0.17577946186065674	0.20571312308311462	0.0	0.18179289996623993	0.0	0.19262878596782684	0.0	0.0	0.0	0.17074087262153625	0.0	0.0	0.19596680998802185	0.0	0.0	0.0	0.0	0.012410297058522701	0.0	0.0	0.020327754318714142	0.1742863953113556	0.0	0.0	0.0	0.0	0.0	0.1755741536617279	0.2130759209394455	0.0	0.0	0.1523621827363968	0.0	0.0	0.16244995594024658	0.2037663757801056	0.0	0.14282000064849854	0.0	0.06109956279397011	0.0	0.0	0.053920354694128036	0.06981836259365082	0.0	0.0	0.0	0.18245497345924377	0.0	0.0	0.14390727877616882	0.0
0.0	0.2263217270374298	0.0	0.0	0.0952831581234932	0.17195956408977509	0.24654695391654968	0.19521112740039825	0.0	0.0	0.0	0.18711769580841064	0.204389750957489	0.21182958781719208	0.0	0.18337273597717285	0.0	0.2095078080892563	0.0	0.0	0.0	0.1883140653371811	0.0	0.0	0.22466427087783813	0.0	0.0	0.0	0.0	0.0016060419147834182	0.0	0.0	0.019824225455522537	0.19961124658584595	0.0	0.0	0.0	0.0	0.0	0.1990056037902832	0.24230027198791504	0.0	0.0	0.17044693231582642	0.0	0.0	0.18058878183364868	0.21484318375587463	0.0	0.16585609316825867	0.0	0.06833959370851517	0.0	0.0	0.07200263440608978	0.06466031819581985	0.0	0.0	0.0	0.19692362844944	0.0	0.0	0.16566480696201324	0.0
0.0	0.19687588512897491	0.0	0.0	0.06942498683929443	0.1507318764925003	0.22009260952472687	0.18386881053447723	0.0	0.0	0.0	0.15874676406383514	0.17236079275608063	0.1992196887731552	0.0	0.1727188676595688	0.0	0.17725598812103271	0.0	0.0	0.0	0.16079238057136536	0.0	0.0	0.18592113256454468	0.0	0.0	0.0	0.0	0.0005866457941010594	0.0	0.0	0.012677895836532116	0.16511841118335724	0.0	0.0	0.0	0.0	0.0	0.16091996431350708	0.20468109846115112	0.0	0.0	0.13868097960948944	0.0010481284698471427	0.0	0.1483062356710434	0.19902290403842926	0.0	0.13442350924015045	0.0	0.05459018051624298	0.0	0.0	0.050882697105407715	0.06620318442583084	0.0	0.0	0.0	0.1713724434375763	0.0	0.0	0.1413078010082245	0.0
0.0	0.20734065771102905	0.0	0.0	0.07626889646053314	0.15032345056533813	0.2198956161737442	0.18778465688228607	0.0	0.0	0.0	0.16245242953300476	0.1782621294260025	0.1950984001159668	0.0	0.17465505003929138	0.0	0.18426299095153809	0.0	0.0	0.0	0.16414524614810944	0.0	0.0	0.18767748773097992	0.0	0.0	0.0	0.0	0.01574106328189373	0.0	0.0	0.019698990508913994	0.1732061207294464	0.0	0.0	0.0	0.0	0.0	0.17122779786586761	0.20787924528121948	0.0	0.0	0.15146417915821075	0.0	0.0	0.15228188037872314	0.19870805740356445	0.0	0.14114998281002045	0.0	0.05800864100456238	0.0	0.0	0.056307774037122726	0.06301689893007278	0.0	0.0	0.0	0.17705152928829193	0.0	0.0	0.1419621855020523	0.0
0.0	0.21781983971595764	0.0	0.0	0.07703255861997604	0.15006354451179504	0.23198774456977844	0.20774781703948975	0.0	0.0	0.0	0.1634465605020523	0.18549366295337677	0.20534904301166534	0.0	0.18353977799415588	0.0	0.19536997377872467	0.0	0.0	0.0	0.17190468311309814	0.0	0.0	0.19244498014450073	0.0	0.0	0.0	0.0	0.01695322059094906	0.0	0.0	0.008388790301978588	0.18539510667324066	0.0	0.0	0.0	0.0	0.0	0.178273543715477	0.21613702178001404	0.0	0.0	0.16103476285934448	0.0	0.0	0.15348196029663086	0.20245999097824097	0.0	0.145511195063591	0.0	0.07403983175754547	0.0	0.0	0.06033465638756752	0.06872928887605667	0.0	0.0	0.0	0.17622151970863342	0.0	0.0	0.14298895001411438	0.0
0.0	0.22266268730163574	0.0	0.0	0.09170114248991013	0.1659524291753769	0.23480351269245148	0.20020133256912231	0.0	0.0	0.0	0.1833709478378296	0.20457203686237335	0.21015925705432892	0.0	0.20003710687160492	0.0	0.20838992297649384	0.0	0.0	0.0	0.16921697556972504	0.0	0.0	0.22699777781963348	0.0	0.0	0.0	0.0	0.017647303640842438	0.0	0.0	0.02430928498506546	0.18541021645069122	0.0	0.0	0.0	0.0	0.0	0.18824732303619385	0.22886885702610016	0.0	0.0	0.16347862780094147	0.0	0.0	0.16889797151088715	0.21218568086624146	0.0	0.16639812290668488	0.0	0.05542726442217827	0.0	0.0	0.06368102878332138	0.07771056890487671	0.0	0.0	0.0	0.20477569103240967	0.0	0.0	0.1782819777727127	0.0
0.0	0.21376965939998627	0.0	0.0	0.08031992614269257	0.14948739111423492	0.22111500799655914	0.19251634180545807	0.0	0.0	0.0	0.1702955812215805	0.17695467174053192	0.19746756553649902	0.0	0.18124982714653015	0.0	0.18544861674308777	0.0	0.0	0.0	0.17779119312763214	0.0	0.0	0.19137489795684814	0.0	0.0	0.0	0.0	0.015266280621290207	0.0	0.0	0.013710490427911282	0.1720791608095169	0.0	0.0	0.0	0.0	0.0	0.17078857123851776	0.2098524123430252	0.0	0.0	0.15460456907749176	0.0	0.0	0.15978141129016876	0.19794653356075287	0.0	0.14295238256454468	0.0	0.06243399158120155	0.0	0.0	0.057537540793418884	0.0675298348069191	0.0	0.0	0.0	0.18073630332946777	0.0	0.0	0.13929244875907898	0.0
0.0	0.2255226969718933	0.0	0.0	0.0868658721446991	0.15227347612380981	0.22985103726387024	0.2031073272228241	0.0	0.0	0.0	0.17091146111488342	0.1851368099451065	0.2109360694885254	0.0	0.1755194365978241	0.0	0.1971437931060791	0.0	0.0	0.0	0.1722348928451538	0.0	0.0	0.1957077533006668	0.0	0.0	0.0	0.0	0.015756819397211075	0.0	0.0	0.022426528856158257	0.17679668962955475	0.0	0.0	0.0	0.0	0.0	0.17396225035190582	0.2199626863002777	0.0	0.0	0.15363696217536926	0.0	0.0	0.16110171377658844	0.1988353282213211	0.0	0.1432357132434845	0.0	0.05412491783499718	0.0	0.0	0.06648081541061401	0.0695270225405693	0.0	0.0	0.0	0.18761540949344635	0.0	0.0	0.1393742859363556	0.0
0.0	0.2500495910644531	0.0	0.0	0.0932910367846489	0.16295364499092102	0.2555031180381775	0.20979809761047363	0.0	0.0	0.0	0.19198687374591827	0.19856853783130646	0.2327755093574524	0.0	0.1961110532283783	0.0	0.19758465886116028	0.0	0.0	0.0	0.1792641282081604	0.0	0.0	0.22597938776016235	0.0	0.0	0.0	0.0	0.023169798776507378	0.0	0.0	0.024565711617469788	0.189029261469841	0.0	0.0	0.0	0.0	0.0	0.1890571415424347	0.24913428723812103	0.0	0.0	0.1821935623884201	0.0	0.0	0.19038061797618866	0.21841704845428467	0.0	0.17754118144512177	0.0	0.058038774877786636	0.0	0.0	0.060232874006032944	0.09516524523496628	0.0	0.0	0.0	0.2035730630159378	0.0	0.0	0.15935887396335602	0.0
0.0	0.20117172598838806	0.0	0.0	0.09549308568239212	0.15460003912448883	0.22805024683475494	0.1817522644996643	0.0	0.0	0.0	0.17295216023921967	0.17763499915599823	0.19276626408100128	0.0	0.1795058399438858	0.0	0.18666179478168488	0.0	0.0	0.0	0.16768556833267212	0.0	0.0	0.19451388716697693	0.0	0.0	0.0	0.0	0.0073885261081159115	0.0	0.0	0.017082760110497475	0.17001132667064667	0.0	0.0	0.0	0.0	0.0	0.1763843148946762	0.20893216133117676	0.0	0.0	0.15707607567310333	0.0	0.0	0.14977037906646729	0.19604401290416718	0.0	0.1498270481824875	0.0	0.06208334490656853	0.0	0.0	0.055737175047397614	0.06564019620418549	0.0	0.0	0.0	0.18247467279434204	0.0	0.0	0.16297146677970886	0.0
0.0	0.21760796010494232	0.0	0.0	0.07558441907167435	0.15573421120643616	0.22622212767601013	0.1954706758260727	0.0	0.0	0.0	0.16178855299949646	0.18561860918998718	0.21682637929916382	0.0	0.1748615950345993	0.0	0.18904615938663483	0.0	0.0	0.0	0.1755433976650238	0.0	0.0	0.19924961030483246	0.0	0.0	0.0	0.0	0.01632237806916237	0.0	0.0	0.014133796095848083	0.17754694819450378	0.0	0.0	0.0	0.0	0.0	0.16643117368221283	0.21792012453079224	0.0	0.0	0.16215460002422333	0.0	0.0	0.15769672393798828	0.2011449933052063	0.0	0.14903701841831207	0.0	0.06479767709970474	0.0	0.0	0.06507645547389984	0.06840851157903671	0.0	0.0	0.0	0.1780453473329544	0.0	0.0	0.16075707972049713	0.0
0.0	0.20197394490242004	0.0	0.0	0.07727579027414322	0.1477409154176712	0.22239279747009277	0.18261471390724182	0.0	0.0	0.0	0.17002324759960175	0.17937354743480682	0.20276199281215668	0.0	0.17689047753810883	0.0	0.19042158126831055	0.0	0.0	0.0	0.16473503410816193	0.0	0.0	0.18924295902252197	0.0	0.0	0.0	0.0	0.018291065469384193	0.0	0.0	0.012856260873377323	0.16957628726959229	0.0	0.0	0.0	0.0	0.0	0.16409271955490112	0.2078743577003479	0.0	0.0	0.15538710355758667	0.0	0.0	0.15328338742256165	0.19072197377681732	0.0	0.14149467647075653	0.0	0.06759924441576004	0.0	0.0	0.06290781497955322	0.06951940059661865	0.0	0.0	0.0	0.1733214259147644	0.0	0.0	0.1482713371515274	0.0
0.0	0.22221781313419342	0.0	0.0	0.08050522953271866	0.15042410790920258	0.23984259366989136	0.20299600064754486	0.0	0.0	0.0	0.17077325284481049	0.17885981500148773	0.20178252458572388	0.0	0.17799118161201477	0.0	0.19175603985786438	0.0	0.0	0.0	0.18052566051483154	0.0	0.0	0.19049467146396637	0.0	0.0	0.0	0.0	0.0074783628806471825	0.0	0.0	0.024748103693127632	0.18714243173599243	0.0	0.0	0.0	0.0	0.0	0.17717264592647552	0.2231011837720871	0.0	0.0	0.15853437781333923	0.0	0.0	0.16679029166698456	0.20121516287326813	0.0	0.15448035299777985	0.0	0.07257312536239624	0.0	0.0	0.06499645859003067	0.06139051541686058	0.0	0.0	0.0	0.18435588479042053	0.0	0.0	0.1473633050918579	0.0
0.0	0.2108679711818695	0.0	0.0	0.07287684082984924	0.15814878046512604	0.21932575106620789	0.18195436894893646	0.0	0.0	0.0	0.16037236154079437	0.17198045551776886	0.20116464793682098	0.0	0.16650362312793732	0.0	0.18491731584072113	0.0	0.0	0.0	0.16602373123168945	0.0	0.0	0.18292449414730072	0.0	0.0	0.0	0.0	0.009706003591418266	0.0	0.0	0.014237646944820881	0.17109906673431396	0.0	0.0	0.0	0.0	0.0	0.16681084036827087	0.2026352882385254	0.0	0.0	0.15003180503845215	0.0	0.0	0.1557752788066864	0.19305463135242462	0.0	0.1419004201889038	0.0	0.05957340821623802	0.0	0.0	0.045831844210624695	0.05728786811232567	0.0	0.0	0.0	0.18073661625385284	0.0	0.0	0.1538640409708023	0.0
0.0	0.2070915848016739	0.0	0.0	0.0740325078368187	0.15379515290260315	0.21931710839271545	0.18761087954044342	0.0	0.0	0.0	0.16355101764202118	0.17819760739803314	0.2004060000181198	0.0	0.16791164875030518	0.0	0.18286272883415222	0.0	0.0	0.0	0.16885535418987274	0.0	0.0	0.17962321639060974	0.0	0.0	0.0	0.0	0.011291299015283585	0.0	0.0	0.02066960744559765	0.17709390819072723	0.0	0.0	0.0	0.0	0.0	0.15837880969047546	0.2106412649154663	0.0	0.0	0.1474139243364334	0.0	0.0	0.14568381011486053	0.1863878071308136	0.0	0.14030443131923676	0.0	0.057576488703489304	0.0	0.0	0.059511698782444	0.06533695012331009	0.0	0.0	0.0	0.17838677763938904	0.0	0.0	0.14749398827552795	0.0
0.0	0.2216467261314392	0.0	0.0	0.09234747290611267	0.15746305882930756	0.2207445204257965	0.1861710399389267	0.0	0.0	0.0	0.18266843259334564	0.20091180503368378	0.19766604900360107	0.0	0.185245081782341	0.0	0.19587735831737518	0.0	0.0	0.0	0.16328535974025726	0.0	0.0	0.2048504501581192	0.0	0.0	0.0	0.0	0.026904823258519173	0.0	0.0	0.02270152047276497	0.17172059416770935	0.0	0.0	0.0	0.0	0.0	0.19517703354358673	0.22900810837745667	0.0	0.0	0.1677280068397522	0.0	0.0	0.15428180992603302	0.19655784964561462	0.0	0.15157411992549896	0.0	0.0647520199418068	0.0	0.0	0.05771074816584587	0.07019129395484924	0.0	0.0	0.0	0.17875255644321442	0.0	0.0	0.16151338815689087	0.0
0.0	0.23685646057128906	0.0	0.0	0.09507516771554947	0.17409025132656097	0.26184630393981934	0.20714642107486725	0.0	0.0	0.0	0.1976650357246399	0.20474764704704285	0.21993756294250488	0.0	0.19132715463638306	0.0	0.20554080605506897	0.0	0.0	0.0	0.19440671801567078	0.0	0.0	0.21017387509346008	0.0	0.0	0.0	0.0	0.003218906931579113	0.0	0.0	0.02109052799642086	0.1921379417181015	0.0	0.0	0.0	0.0	0.0	0.19403672218322754	0.23930838704109192	0.0	0.0	0.17281685769557953	0.0	0.0	0.1814430058002472	0.22050665318965912	0.0	0.16016885638237	0.0	0.05597212538123131	0.0	0.0	0.05852941423654556	0.08137302100658417	0.0	0.0	0.0	0.2040434628725052	0.0	0.0	0.16232039034366608	0.0
0.0	0.20870423316955566	0.0	0.0	0.08093062043190002	0.14586962759494781	0.21570202708244324	0.18990054726600647	0.0	0.0	0.0	0.17519697546958923	0.1833592802286148	0.1910536140203476	0.0	0.18061931431293488	0.0	0.1934048980474472	0.0	0.0	0.0	0.1749596893787384	0.0	0.0	0.18905754387378693	0.0	0.0	0.0	0.0	0.027442840859293938	0.0	0.0	0.01801498420536518	0.17891277372837067	0.0	0.0	0.0	0.0	0.0	0.18107494711875916	0.2132076621055603	0.0	0.0	0.16037145256996155	0.0	0.0	0.1537438929080963	0.19413208961486816	0.0	0.14987553656101227	0.0	0.06312429904937744	0.0	0.0	0.04822622612118721	0.0683247298002243	0.0	0.0	0.0	0.18362458050251007	0.0	0.0	0.15345580875873566	0.0
0.0	0.20978419482707977	0.0	0.0	0.07522067427635193	0.14907768368721008	0.22745749354362488	0.19520917534828186	0.0	0.0	0.0	0.16242969036102295	0.17255587875843048	0.2039712369441986	0.0	0.18177740275859833	0.0	0.18710815906524658	0.0	0.0	0.0	0.17102891206741333	0.0	0.0	0.19098815321922302	0.0	0.0	0.0	0.0	0.0016762441955506802	0.0	0.0	0.0053990851156413555	0.18166005611419678	0.0	0.0	0.0	0.0	0.0	0.1677795946598053	0.20861878991127014	0.0	0.0	0.1501392126083374	0.0	0.0	0.15817736089229584	0.20728494226932526	0.0	0.14306363463401794	0.0	0.06334055960178375	0.0	0.0	0.05620531365275383	0.05821017175912857	0.0	0.0	0.0	0.1751294583082199	0.0	0.0	0.14639216661453247	0.0
0.0	0.20830458402633667	0.0	0.0	0.07293634861707687	0.1511833816766739	0.2127620279788971	0.1930626630783081	0.0	0.0	0.0	0.17162221670150757	0.17645855247974396	0.19772116839885712	0.0	0.17646360397338867	0.0	0.1993783861398697	0.0	0.0	0.0	0.16982118785381317	0.0	0.0	0.19361424446105957	0.0	0.0	0.0	0.0	0.011546116322278976	0.0	0.0	0.018667209893465042	0.1797344833612442	0.0	0.0	0.0	0.0	0.0	0.16607250273227692	0.2107476443052292	0.0	0.0	0.15495982766151428	0.0	0.0	0.15973642468452454	0.20050084590911865	0.0	0.14706625044345856	0.0	0.0644289031624794	0.0	0.0	0.062327027320861816	0.07140546292066574	0.0	0.0	0.0	0.17270880937576294	0.0	0.0	0.15104445815086365	0.0
0.0	0.21715037524700165	0.0	0.0	0.07947607338428497	0.16534151136875153	0.23231610655784607	0.19678033888339996	0.0	0.0	0.0	0.17412297427654266	0.19185061752796173	0.20897667109966278	0.0	0.18195036053657532	0.0	0.19930164515972137	0.0	0.0	0.0	0.18272800743579865	0.0	0.0	0.2070242315530777	0.0	0.0	0.0	0.0	0.017091304063796997	0.0	0.0	0.026676174253225327	0.18290483951568604	0.0	0.0	0.0	0.0	0.0	0.17803412675857544	0.22497351467609406	0.0	0.0	0.16703759133815765	0.0	0.0	0.15939433872699738	0.2089134305715561	0.0	0.1562531590461731	0.0	0.05599914491176605	0.0	0.0	0.06025038659572601	0.06247977912425995	0.0	0.0	0.0	0.1923341304063797	0.0	0.0	0.15535208582878113	0.0
0.0	0.21916677057743073	0.0	0.0	0.09102556854486465	0.1542264074087143	0.2290261685848236	0.19696615636348724	0.0	0.0	0.0	0.18156389892101288	0.18582366406917572	0.2092842012643814	0.0	0.1706753671169281	0.0	0.19525957107543945	0.0	0.0	0.0	0.1746463179588318	0.0	0.0	0.2003915011882782	0.0	0.0	0.0	0.0	0.01173381507396698	0.0	0.0	0.019281446933746338	0.17189109325408936	0.0	0.0	0.0	0.0	0.0	0.1804758459329605	0.22478702664375305	0.0	0.0	0.1489788293838501	0.0	0.0	0.16314448416233063	0.20322388410568237	0.0	0.1482057124376297	0.0	0.06409506499767303	0.0	0.0	0.06338357925415039	0.0642022117972374	0.0	0.0	0.0	0.18596428632736206	0.0	0.0	0.14480184018611908	0.0
0.0	0.20356595516204834	0.0	0.0	0.0746431052684784	0.1593608558177948	0.2067415565252304	0.18015053868293762	0.0	0.0	0.0	0.16678956151008606	0.19075408577919006	0.18838821351528168	0.0	0.16696351766586304	0.0	0.18819892406463623	0.0	0.0	0.0	0.14598186314105988	0.0	0.0	0.19459185004234314	0.0	0.0	0.0	0.0	0.037287600338459015	0.0	0.0	0.01797889918088913	0.17191928625106812	0.0	0.0	0.0	0.0	0.0	0.17193830013275146	0.20250988006591797	0.0	0.0	0.1561448872089386	0.0	0.0	0.13867826759815216	0.1857522428035736	0.0	0.1399168223142624	0.0	0.06470611691474915	0.0	0.0	0.06561282277107239	0.0672881081700325	0.0	0.0	0.0	0.17765948176383972	0.0	0.0	0.1438692957162857	0.0
0.0	0.22130842506885529	0.0	0.0	0.08348670601844788	0.1571308970451355	0.22590181231498718	0.19647862017154694	0.0	0.0	0.0	0.1739913672208786	0.18383774161338806	0.2087581753730774	0.0	0.18963691592216492	0.0	0.19589291512966156	0.0	0.0	0.0	0.1685866415500641	0.0	0.0	0.20698951184749603	0.0	0.0	0.0	0.0	0.020108871161937714	0.0	0.0	0.01669202372431755	0.17203345894813538	0.0	0.0	0.0	0.0	0.0	0.18073974549770355	0.2198895812034607	0.0	0.0	0.16044901311397552	0.0	0.0	0.16924156248569489	0.2028357982635498	0.0	0.15389637649059296	0.0	0.052320607006549835	0.0	0.0	0.05917421355843544	0.07063650339841843	0.0	0.0	0.0	0.1818406581878662	0.0	0.0	0.1589374989271164	0.0
0.0	0.22708487510681152	0.0	0.0	0.0859060138463974	0.16528910398483276	0.23092545568943024	0.2107563465833664	0.0	0.0	0.0	0.18599404394626617	0.19786575436592102	0.20903782546520233	0.0	0.19928495585918427	0.0	0.2148006409406662	0.0	0.0	0.0	0.18065252900123596	0.0	0.0	0.21463358402252197	0.0	0.0	0.0	0.0	0.016118710860610008	0.0	0.0	0.019987190142273903	0.18620042502880096	0.0	0.0	0.0	0.0	0.0	0.183792382478714	0.23701965808868408	0.0	0.0	0.1690443754196167	0.0	0.0	0.18708296120166779	0.22867445647716522	0.0	0.16767559945583344	0.0	0.06096435710787773	0.0	0.0	0.071652352809906	0.08764045685529709	0.0	0.0	0.0	0.19027921557426453	0.0	0.0	0.1650659441947937	0.0
