0.0	0.0	1.1661728620529175	0.5817530155181885	0.0	0.0	0.948785662651062	1.0385780334472656	0.8026343584060669	0.0	0.0	0.97457355260849	0.0	0.0	0.0	0.0	0.8912574648857117	0.0	0.0	0.0	0.0	0.5763253569602966	0.7323312163352966	0.0	0.0	0.0	1.4536076784133911	0.9025295376777649	0.0	0.0	0.0	0.0	0.7097587585449219	0.0	0.0	0.5884955525398254	0.0	0.0	0.0	0.0	0.0	0.0	0.0	0.44764629006385803	0.0	0.0	0.0	0.0	0.0	0.6090999245643616	1.2240091562271118	0.0	0.0	0.0	0.9966036677360535	0.0	0.0	0.0	0.0	1.2078123092651367	1.224189281463623	0.0	0.0	0.0	0.04941653832793236	0.0	0.5141981244087219	0.5792036652565002	0.0	0.4379359185695648	0.999685525894165	0.0	1.237967848777771	1.124241590499878	0.0	0.0	0.606576681137085	0.9106765389442444	0.0	0.0	0.8268506526947021	1.1642377376556396	1.313337802886963	0.9548885822296143	1.2369402647018433	0.0	0.7319688200950623	0.0	0.0	0.0	0.7373388409614563	0.0	0.0	0.7074572443962097	0.0	0.0	0.7884151339530945	0.0	0.759067714214325	0.8972623348236084	0.0	0.0	0.9824939966201782	0.0	0.0	0.7534658908843994	1.5533936023712158	0.0	0.0	0.0	0.0	0.0	0.0	0.9521611332893372	0.0	0.6914211511611938	0.0	0.0	0.0	0.0	0.7049494981765747	0.0	0.0	0.0	1.2428576946258545	0.0	0.0	0.0
0.0	0.0	1.1571406126022339	0.5825045108795166	0.0	0.0	0.9372541904449463	1.037570595741272	0.7929041981697083	0.0	0.0	0.9642511606216431	0.0	0.0	0.0	0.0	0.883597731590271	0.0	0.0	0.0	0.0	0.5665484070777893	0.7261906862258911	0.0	0.0	0.0	1.4388046264648438	0.894963800907135	0.0	0.0	0.0	0.0	0.7002429366111755	0.0	0.0	0.5817644000053406	0.0	0.0	0.0	0.0	0.0	0.0	0.0	0.4513576626777649	0.0	0.0	0.0	0.0	0.0	0.609343945980072	1.2212587594985962	0.0	0.0	0.0	0.9881231784820557	0.0	0.0	0.0	0.0	1.1931573152542114	1.2074588537216187	0.0	0.0	0.0	0.04461703076958656	0.0	0.5145222544670105	0.5774352550506592	0.0	0.4329749047756195	0.9922188520431519	0.0	1.235724925994873	1.1141252517700195	0.0	0.0	0.6082159280776978	0.9030628204345703	0.0	0.0	0.8235944509506226	1.1541039943695068	1.2981901168823242	0.9503071308135986	1.230473518371582	0.0	0.721777617931366	0.0	0.0	0.0	0.7268450856208801	0.0	0.0	0.693682074546814	0.0	0.0	0.7906142473220825	0.0	0.7449684739112854	0.8812015652656555	0.0	0.0	0.9532405138015747	0.0	0.0	0.7451097965240479	1.5385966300964355	0.0	0.0	0.0	0.0	0.0	0.0	0.949302077293396	0.0	0.6766864657402039	0.0	0.0	0.0	0.0	0.7030960321426392	0.0	0.0	0.0	1.2333660125732422	0.0	0.0	0.0
0.0	0.0	1.1778546571731567	0.5908641219139099	0.0	0.0	0.9616954326629639	1.0554580688476562	0.8035188317298889	0.0	0.0	0.9828874468803406	0.0	0.0	0.0	0.0	0.900394082069397	0.0	0.0	0.0	0.0	0.5879198312759399	0.7363865375518799	0.0	0.0	0.0	1.4699273109436035	0.9084649682044983	0.0	0.0	0.0	0.0	0.7095323204994202	0.0	0.0	0.5898264646530151	0.0	0.0	0.0	0.0	0.0	0.0	0.0	0.45297563076019287	0.0	0.0	0.0	0.0	0.0	0.6145974397659302	1.2396093606948853	0.0	0.0	0.0	1.0115299224853516	0.0	0.0	0.0	0.0	1.2122316360473633	1.231539249420166	0.0	0.0	0.0	0.04967699199914932	0.0	0.5152043700218201	0.5815427303314209	0.0	0.4406462013721466	1.0151952505111694	0.0	1.2504146099090576	1.1371161937713623	0.0	0.0	0.6124229431152344	0.9220632314682007	0.0	0.0	0.8347262144088745	1.1731435060501099	1.3278170824050903	0.9666518568992615	1.254217505455017	0.0	0.7404673099517822	0.0	0.0	0.0	0.743190586566925	0.0	0.0	0.7090759873390198	0.0	0.0	0.8002340197563171	0.0	0.7689511179924011	0.90068119764328	0.0	0.0	0.9895980954170227	0.0	0.0	0.7566969990730286	1.5732241868972778	0.0	0.0	0.0	0.0	0.0	0.0	0.9612920880317688	0.0	0.6895719170570374	0.0	0.0	0.0	0.0	0.7134450078010559	0.0	0.0	0.0	1.255096435546875	0.0	0.0	0.0
0.0	0.0	1.1660314798355103	0.5788070559501648	0.0	0.0	0.9448019862174988	1.038225531578064	0.7969288229942322	0.0	0.0	0.9701830744743347	0.0	0.0	0.0	0.0	0.88228839635849	0.0	0.0	0.0	0.0	0.5685600638389587	0.7219244837760925	0.0	0.0	0.0	1.4457049369812012	0.8984482288360596	0.0	0.0	0.0	0.0	0.6995415091514587	0.0	0.0	0.5855236053466797	0.0	0.0	0.0	0.0	0.0	0.0	0.0	0.44465482234954834	0.0	0.0	0.0	0.0	0.0	0.6080922484397888	1.2206026315689087	0.0	0.0	0.0	0.9874622821807861	0.0	0.0	0.0	0.0	1.199434518814087	1.213448405265808	0.0	0.0	0.0	0.04647740721702576	0.0	0.5069041848182678	0.57657790184021	0.0	0.4343093931674957	0.9960802793502808	0.0	1.2357357740402222	1.1190675497055054	0.0	0.0	0.6099200248718262	0.9111299514770508	0.0	0.0	0.8251766562461853	1.1602811813354492	1.3017350435256958	0.949641227722168	1.2307753562927246	0.0	0.7284847497940063	0.0	0.0	0.0	0.7312081456184387	0.0	0.0	0.6972522139549255	0.0	0.0	0.7821768522262573	0.0	0.7536264061927795	0.8888492584228516	0.0	0.0	0.9709064364433289	0.0	0.0	0.7462535500526428	1.5417835712432861	0.0	0.0	0.0	0.0	0.0	0.0	0.943042516708374	0.0	0.6776159405708313	0.0	0.0	0.0	0.0	0.7044873237609863	0.0	0.0	0.0	1.2370405197143555	0.0	0.0	0.0
0.0	0.0	1.1693123579025269	0.5814067125320435	0.0	0.0	0.9456018805503845	1.0405687093734741	0.8004453778266907	0.0	0.0	0.9781889915466309	0.0	0.0	0.0	0.0	0.8871172666549683	0.0	0.0	0.0	0.0	0.5736985206604004	0.7233864665031433	0.0	0.0	0.0	1.4500480890274048	0.9047934412956238	0.0	0.0	0.0	0.0	0.6945955157279968	0.0	0.0	0.5877442955970764	0.0	0.0	0.0	0.0	0.0	0.0	0.0	0.4478546679019928	0.0	0.0	0.0	0.0	0.0	0.6119099855422974	1.2300004959106445	0.0	0.0	0.0	0.9965965747833252	0.0	0.0	0.0	0.0	1.2042160034179688	1.2176976203918457	0.0	0.0	0.0	0.045341961085796356	0.0	0.5087441802024841	0.5752840638160706	0.0	0.4310312867164612	1.0059983730316162	0.0	1.2362691164016724	1.1265009641647339	0.0	0.0	0.6108049750328064	0.9126465916633606	0.0	0.0	0.8273150324821472	1.1641874313354492	1.3116838932037354	0.958960771560669	1.2344162464141846	0.0	0.7316293716430664	0.0	0.0	0.0	0.7337988615036011	0.0	0.0	0.7009385824203491	0.0	0.0	0.7882171869277954	0.0	0.7563446164131165	0.8886873722076416	0.0	0.0	0.9651443362236023	0.0	0.0	0.7513888478279114	1.5546637773513794	0.0	0.0	0.0	0.0	0.0	0.0	0.9476404190063477	0.0	0.6838817000389099	0.0	0.0	0.0	0.0	0.7022089958190918	0.0	0.0	0.0	1.2415509223937988	0.0	0.0	0.0
0.0	0.0	1.2687525749206543	0.6230791807174683	0.0	0.0	1.023063063621521	1.1453739404678345	0.8695527911186218	0.0	0.0	1.0429465770721436	0.0	0.0	0.0	0.0	0.9698412418365479	0.0	0.0	0.0	0.0	0.635981559753418	0.8094393014907837	0.0	0.0	0.0	1.5881881713867188	0.9661867022514343	0.0	0.0	0.0	0.0	0.8173584938049316	0.0	0.0	0.6187558174133301	0.0	0.0	0.0	0.0	0.0	0.0	0.0	0.4718022644519806	0.0	0.0	0.0	0.0	0.0	0.6602644324302673	1.3140861988067627	0.0	0.0	0.0	1.0797209739685059	0.0	0.0	0.0	0.0	1.2929176092147827	1.316770315170288	0.0	0.0	0.0	0.03439968079328537	0.0	0.5656148195266724	0.5976147651672363	0.0	0.48194384574890137	1.0985512733459473	0.0	1.3617607355117798	1.2427608966827393	0.0	0.0	0.6685237288475037	1.001846432685852	0.0	0.0	0.8883981704711914	1.2631319761276245	1.4265732765197754	1.0432226657867432	1.355168342590332	0.0	0.7951835989952087	0.0	0.0	0.0	0.8016577363014221	0.0	0.0	0.7310708165168762	0.0	0.0	0.8686648011207581	0.0	0.8226927518844604	0.9588770270347595	0.0	0.0	1.0153270959854126	0.0	0.0	0.8090500235557556	1.686824917793274	0.0	0.0	0.0	0.0	0.0	0.0	1.0293890237808228	0.0	0.7462370991706848	0.0	0.0	0.0	0.0	0.7577590942382812	0.0	0.0	0.0	1.3656481504440308	0.0	0.0	0.0
0.0	0.0	1.1611906290054321	0.5820667743682861	0.0	0.0	0.9376529455184937	1.0368952751159668	0.7908241152763367	0.0	0.0	0.9617739915847778	0.0	0.0	0.0	0.0	0.8836095333099365	0.0	0.0	0.0	0.0	0.5660200715065002	0.7300575971603394	0.0	0.0	0.0	1.4446276426315308	0.8933851718902588	0.0	0.0	0.0	0.0	0.7079375982284546	0.0	0.0	0.5831332802772522	0.0	0.0	0.0	0.0	0.0	0.0	0.0	0.4444992244243622	0.0	0.0	0.0	0.0	0.0	0.6008645296096802	1.2190619707107544	0.0	0.0	0.0	0.9920094609260559	0.0	0.0	0.0	0.0	1.2001104354858398	1.2118085622787476	0.0	0.0	0.0	0.04332767426967621	0.0	0.5185285806655884	0.5705408453941345	0.0	0.43459227681159973	0.9994322061538696	0.0	1.2388250827789307	1.1203922033309937	0.0	0.0	0.6073725819587708	0.9079187512397766	0.0	0.0	0.830451488494873	1.154402494430542	1.3051079511642456	0.9543406367301941	1.2383224964141846	0.0	0.7272283434867859	0.0	0.0	0.0	0.7277818322181702	0.0	0.0	0.6948440074920654	0.0	0.0	0.7942191958427429	0.0	0.7431429028511047	0.8840113282203674	0.0	0.0	0.9535732865333557	0.0	0.0	0.7448037266731262	1.5462404489517212	0.0	0.0	0.0	0.0	0.0	0.0	0.94218909740448	0.0	0.676705539226532	0.0	0.0	0.0	0.0	0.7043956518173218	0.0	0.0	0.0	1.2396881580352783	0.0	0.0	0.0
0.0	0.0	1.1744961738586426	0.5889589786529541	0.0	0.0	0.9574074149131775	1.045540690422058	0.8122060298919678	0.0	0.0	0.9771474599838257	0.0	0.0	0.0	0.0	0.9011749029159546	0.0	0.0	0.0	0.0	0.5777925252914429	0.7387903332710266	0.0	0.0	0.0	1.4656094312667847	0.9093103408813477	0.0	0.0	0.0	0.0	0.7117408514022827	0.0	0.0	0.5926327705383301	0.0	0.0	0.0	0.0	0.0	0.0	0.0	0.45104068517684937	0.0	0.0	0.0	0.0	0.0	0.6093993186950684	1.2251367568969727	0.0	0.0	0.0	1.0103201866149902	0.0	0.0	0.0	0.0	1.2097156047821045	1.2345246076583862	0.0	0.0	0.0	0.05088641867041588	0.0	0.5132847428321838	0.5807846188545227	0.0	0.4398746192455292	1.005631446838379	0.0	1.2575491666793823	1.1348854303359985	0.0	0.0	0.612386167049408	0.9212149977684021	0.0	0.0	0.8319856524467468	1.1735031604766846	1.325753927230835	0.9762592315673828	1.2561848163604736	0.0	0.7401852011680603	0.0	0.0	0.0	0.7395893931388855	0.0	0.0	0.7041078805923462	0.0	0.0	0.8052160739898682	0.0	0.7639418244361877	0.8977953195571899	0.0	0.0	0.9820137023925781	0.0	0.0	0.7541243433952332	1.5670379400253296	0.0	0.0	0.0	0.0	0.0	0.0	0.9560315012931824	0.0	0.6945177912712097	0.0	0.0	0.0	0.0	0.698264479637146	0.0	0.0	0.0	1.2525545358657837	0.0	0.0	0.0
0.0	0.0	1.2645448446273804	0.6275157928466797	0.0	0.0	1.0191030502319336	1.1523131132125854	0.8590889573097229	0.0	0.0	1.060350775718689	0.0	0.0	0.0	0.0	0.9673858284950256	0.0	0.0	0.0	0.0	0.6282469630241394	0.7922911047935486	0.0	0.0	0.0	1.5887532234191895	0.975447416305542	0.0	0.0	0.0	0.0	0.7877717018127441	0.0	0.0	0.6311832070350647	0.0	0.0	0.0	0.0	0.0	0.0	0.0	0.4830615222454071	0.0	0.0	0.0	0.0	0.0	0.6702697277069092	1.33050537109375	0.0	0.0	0.0	1.0854986906051636	0.0	0.0	0.0	0.0	1.3104877471923828	1.345345139503479	0.0	0.0	0.0	0.03489748388528824	0.0	0.5730419158935547	0.6203482151031494	0.0	0.48204663395881653	1.0896576642990112	0.0	1.3581042289733887	1.2356151342391968	0.0	0.0	0.6656791567802429	1.005379319190979	0.0	0.0	0.8940168619155884	1.2645620107650757	1.4437974691390991	1.0474014282226562	1.353824257850647	0.0	0.7996371984481812	0.0	0.0	0.0	0.7935643792152405	0.0	0.0	0.7485784888267517	0.0	0.0	0.8685911893844604	0.0	0.8276548981666565	0.9559853672981262	0.0	0.0	1.036243200302124	0.0	0.0	0.8131628632545471	1.69988214969635	0.0	0.0	0.0	0.0	0.0	0.0	1.0416847467422485	0.0	0.7477914094924927	0.0	0.0	0.0	0.0	0.7710535526275635	0.0	0.0	0.0	1.3696695566177368	0.0	0.0	0.0
0.0	0.0	1.1786956787109375	0.5895774960517883	0.0	0.0	0.9577805399894714	1.0536227226257324	0.8124141693115234	0.0	0.0	0.9731488823890686	0.0	0.0	0.0	0.0	0.8989138603210449	0.0	0.0	0.0	0.0	0.5841401815414429	0.7376636862754822	0.0	0.0	0.0	1.4652451276779175	0.9069105982780457	0.0	0.0	0.0	0.0	0.7132890224456787	0.0	0.0	0.5911629796028137	0.0	0.0	0.0	0.0	0.0	0.0	0.0	0.4510226249694824	0.0	0.0	0.0	0.0	0.0	0.6177098155021667	1.2306479215621948	0.0	0.0	0.0	1.0112825632095337	0.0	0.0	0.0	0.0	1.2047057151794434	1.2326916456222534	0.0	0.0	0.0	0.04574624076485634	0.0	0.5149564146995544	0.5773541331291199	0.0	0.44023364782333374	1.0114825963974	0.0	1.2577693462371826	1.1377501487731934	0.0	0.0	0.6094109416007996	0.9292805790901184	0.0	0.0	0.8255680203437805	1.169323205947876	1.3257852792739868	0.9682561755180359	1.2544186115264893	0.0	0.7409499883651733	0.0	0.0	0.0	0.7408076524734497	0.0	0.0	0.6934091448783875	0.0	0.0	0.7986181974411011	0.0	0.7656416296958923	0.8966898918151855	0.0	0.0	0.9792451858520508	0.0	0.0	0.7527694702148438	1.572863221168518	0.0	0.0	0.0	0.0	0.0	0.0	0.9513187408447266	0.0	0.6954171061515808	0.0	0.0	0.0	0.0	0.7100070118904114	0.0	0.0	0.0	1.2563406229019165	0.0	0.0	0.0
0.0	0.0	1.1946524381637573	0.5970247983932495	0.0	0.0	0.9730932116508484	1.0736291408538818	0.8205812573432922	0.0	0.0	1.001948356628418	0.0	0.0	0.0	0.0	0.9120410084724426	0.0	0.0	0.0	0.0	0.5880367755889893	0.7465139031410217	0.0	0.0	0.0	1.4966440200805664	0.9239466190338135	0.0	0.0	0.0	0.0	0.7290410399436951	0.0	0.0	0.6047329306602478	0.0	0.0	0.0	0.0	0.0	0.0	0.0	0.4574525058269501	0.0	0.0	0.0	0.0	0.0	0.6286003589630127	1.262368083000183	0.0	0.0	0.0	1.0224910974502563	0.0	0.0	0.0	0.0	1.235498070716858	1.2558445930480957	0.0	0.0	0.0	0.043433040380477905	0.0	0.5299105048179626	0.5944294929504395	0.0	0.4473930895328522	1.0356191396713257	0.0	1.2747634649276733	1.160376787185669	0.0	0.0	0.6322949528694153	0.9415403604507446	0.0	0.0	0.8507196307182312	1.1912236213684082	1.3585203886032104	0.9878860712051392	1.273221492767334	0.0	0.7493230700492859	0.0	0.0	0.0	0.747391939163208	0.0	0.0	0.7130671739578247	0.0	0.0	0.8133202195167542	0.0	0.7760552167892456	0.9131636619567871	0.0	0.0	0.9786823391914368	0.0	0.0	0.7736450433731079	1.5945762395858765	0.0	0.0	0.0	0.0	0.0	0.0	0.9772719144821167	0.0	0.7075721621513367	0.0	0.0	0.0	0.0	0.7220566272735596	0.0	0.0	0.0	1.2783018350601196	0.0	0.0	0.0
0.0	0.0	1.1570466756820679	0.5759663581848145	0.0	0.0	0.936262309551239	1.0337469577789307	0.7932564616203308	0.0	0.0	0.9616332054138184	0.0	0.0	0.0	0.0	0.878507673740387	0.0	0.0	0.0	0.0	0.5712422728538513	0.7226158380508423	0.0	0.0	0.0	1.43694007396698	0.8952581882476807	0.0	0.0	0.0	0.0	0.694458544254303	0.0	0.0	0.5860669612884521	0.0	0.0	0.0	0.0	0.0	0.0	0.0	0.44099077582359314	0.0	0.0	0.0	0.0	0.0	0.5994203686714172	1.212981939315796	0.0	0.0	0.0	0.9879907369613647	0.0	0.0	0.0	0.0	1.1912232637405396	1.2112315893173218	0.0	0.0	0.0	0.050227824598550797	0.0	0.5079656839370728	0.5726785063743591	0.0	0.4314516484737396	0.9948891997337341	0.0	1.2317184209823608	1.1070215702056885	0.0	0.0	0.6080039143562317	0.8987300992012024	0.0	0.0	0.8199512362480164	1.1494169235229492	1.2989107370376587	0.9438242316246033	1.225875973701477	0.0	0.7280600070953369	0.0	0.0	0.0	0.7270665764808655	0.0	0.0	0.6888003349304199	0.0	0.0	0.7821705341339111	0.0	0.7466581463813782	0.8808040022850037	0.0	0.0	0.9675583839416504	0.0	0.0	0.7412461638450623	1.5394450426101685	0.0	0.0	0.0	0.0	0.0	0.0	0.9374810457229614	0.0	0.6742770075798035	0.0	0.0	0.0	0.0	0.6955966353416443	0.0	0.0	0.0	1.2312662601470947	0.0	0.0	0.0
0.0	0.0	1.1863682270050049	0.5829342603683472	0.0	0.0	0.9592825770378113	1.05802321434021	0.8118757605552673	0.0	0.0	0.983029305934906	0.0	0.0	0.0	0.0	0.898346483707428	0.0	0.0	0.0	0.0	0.5790264010429382	0.7452861666679382	0.0	0.0	0.0	1.4689805507659912	0.9187548160552979	0.0	0.0	0.0	0.0	0.7060613632202148	0.0	0.0	0.5946468114852905	0.0	0.0	0.0	0.0	0.0	0.0	0.0	0.4553021192550659	0.0	0.0	0.0	0.0	0.0	0.6199730634689331	1.2448253631591797	0.0	0.0	0.0	1.0035063028335571	0.0	0.0	0.0	0.0	1.2191721200942993	1.2294538021087646	0.0	0.0	0.0	0.0497196726500988	0.0	0.5191685557365417	0.5852543711662292	0.0	0.43785080313682556	1.016887903213501	0.0	1.2545098066329956	1.1328749656677246	0.0	0.0	0.6199895143508911	0.9282847046852112	0.0	0.0	0.8334512710571289	1.1796396970748901	1.3297144174575806	0.972628653049469	1.2532932758331299	0.0	0.7390478849411011	0.0	0.0	0.0	0.7380617260932922	0.0	0.0	0.7109605073928833	0.0	0.0	0.8078622817993164	0.0	0.7625659704208374	0.8984095454216003	0.0	0.0	0.9765147566795349	0.0	0.0	0.7577767968177795	1.5694215297698975	0.0	0.0	0.0	0.0	0.0	0.0	0.962742805480957	0.0	0.6950625777244568	0.0	0.0	0.0	0.0	0.7159517407417297	0.0	0.0	0.0	1.2560527324676514	0.0	0.0	0.0
0.0	0.0	1.1492161750793457	0.574934184551239	0.0	0.0	0.9322134852409363	1.0291913747787476	0.7893934845924377	0.0	0.0	0.9547027349472046	0.0	0.0	0.0	0.0	0.8772485256195068	0.0	0.0	0.0	0.0	0.5606913566589355	0.7195523381233215	0.0	0.0	0.0	1.428077220916748	0.8900861740112305	0.0	0.0	0.0	0.0	0.6926236748695374	0.0	0.0	0.5799198746681213	0.0	0.0	0.0	0.0	0.0	0.0	0.0	0.4408704936504364	0.0	0.0	0.0	0.0	0.0	0.5987086892127991	1.2116327285766602	0.0	0.0	0.0	0.9820486307144165	0.0	0.0	0.0	0.0	1.1866570711135864	1.2013047933578491	0.0	0.0	0.0	0.0499127022922039	0.0	0.5084202289581299	0.5671280026435852	0.0	0.4298953711986542	0.9884857535362244	0.0	1.2219107151031494	1.1045395135879517	0.0	0.0	0.6009404063224792	0.8984355330467224	0.0	0.0	0.8167369365692139	1.1421078443527222	1.293287992477417	0.9414575695991516	1.2228729724884033	0.0	0.7216508388519287	0.0	0.0	0.0	0.7250658869743347	0.0	0.0	0.6960066556930542	0.0	0.0	0.7813851237297058	0.0	0.7418308854103088	0.8793596029281616	0.0	0.0	0.9627838730812073	0.0	0.0	0.7395370006561279	1.5285720825195312	0.0	0.0	0.0	0.0	0.0	0.0	0.9362359046936035	0.0	0.6763060688972473	0.0	0.0	0.0	0.0	0.693778395652771	0.0	0.0	0.0	1.2245397567749023	0.0	0.0	0.0
0.0	0.0	1.172980785369873	0.5925461053848267	0.0	0.0	0.9582398533821106	1.0483083724975586	0.8045821785926819	0.0	0.0	0.9855777025222778	0.0	0.0	0.0	0.0	0.901716947555542	0.0	0.0	0.0	0.0	0.5812945365905762	0.7330304384231567	0.0	0.0	0.0	1.4670064449310303	0.9082448482513428	0.0	0.0	0.0	0.0	0.709867000579834	0.0	0.0	0.5923753976821899	0.0	0.0	0.0	0.0	0.0	0.0	0.0	0.4490838348865509	0.0	0.0	0.0	0.0	0.0	0.6065784096717834	1.2401561737060547	0.0	0.0	0.0	1.0017013549804688	0.0	0.0	0.0	0.0	1.213392734527588	1.237131953239441	0.0	0.0	0.0	0.051552604883909225	0.0	0.5155933499336243	0.5868443250656128	0.0	0.44137051701545715	1.003564715385437	0.0	1.2488832473754883	1.1366368532180786	0.0	0.0	0.613353967666626	0.9173978567123413	0.0	0.0	0.8366937637329102	1.1722084283828735	1.3242813348770142	0.9605458378791809	1.248803734779358	0.0	0.737301230430603	0.0	0.0	0.0	0.7434144020080566	0.0	0.0	0.6992549896240234	0.0	0.0	0.7895949482917786	0.0	0.7602861523628235	0.8994455337524414	0.0	0.0	0.9944576621055603	0.0	0.0	0.7579681873321533	1.5659006834030151	0.0	0.0	0.0	0.0	0.0	0.0	0.957432210445404	0.0	0.6873726844787598	0.0	0.0	0.0	0.0	0.7089415788650513	0.0	0.0	0.0	1.2579573392868042	0.0	0.0	0.0
0.0	0.0	1.1723006963729858	0.5836317539215088	0.0	0.0	0.950312077999115	1.0444895029067993	0.8045361042022705	0.0	0.0	0.9706053733825684	0.0	0.0	0.0	0.0	0.8936498165130615	0.0	0.0	0.0	0.0	0.5711356997489929	0.733431339263916	0.0	0.0	0.0	1.4577794075012207	0.906192421913147	0.0	0.0	0.0	0.0	0.7058495283126831	0.0	0.0	0.591546356678009	0.0	0.0	0.0	0.0	0.0	0.0	0.0	0.45875659584999084	0.0	0.0	0.0	0.0	0.0	0.6122153401374817	1.237425684928894	0.0	0.0	0.0	1.0000721216201782	0.0	0.0	0.0	0.0	1.2033698558807373	1.2200990915298462	0.0	0.0	0.0	0.04741191864013672	0.0	0.5101978182792664	0.5780218839645386	0.0	0.4385315775871277	1.0063140392303467	0.0	1.2473684549331665	1.1243408918380737	0.0	0.0	0.6114923357963562	0.91328364610672	0.0	0.0	0.8331387042999268	1.1651643514633179	1.312619686126709	0.9599165320396423	1.2424542903900146	0.0	0.7264668941497803	0.0	0.0	0.0	0.736194372177124	0.0	0.0	0.7009179592132568	0.0	0.0	0.7964439392089844	0.0	0.7574107646942139	0.8964030742645264	0.0	0.0	0.9612812399864197	0.0	0.0	0.7523155212402344	1.5477710962295532	0.0	0.0	0.0	0.0	0.0	0.0	0.9545594453811646	0.0	0.6905320286750793	0.0	0.0	0.0	0.0	0.7000212073326111	0.0	0.0	0.0	1.2462997436523438	0.0	0.0	0.0
0.0	0.0	1.1550302505493164	0.5813721418380737	0.0	0.0	0.9315498471260071	1.0364817380905151	0.7889427542686462	0.0	0.0	0.9613083600997925	0.0	0.0	0.0	0.0	0.8840227127075195	0.0	0.0	0.0	0.0	0.5604826211929321	0.7282009124755859	0.0	0.0	0.0	1.4380662441253662	0.8971647024154663	0.0	0.0	0.0	0.0	0.6994994282722473	0.0	0.0	0.5801472663879395	0.0	0.0	0.0	0.0	0.0	0.0	0.0	0.4468715190887451	0.0	0.0	0.0	0.0	0.0	0.6028391122817993	1.2134523391723633	0.0	0.0	0.0	0.979904055595398	0.0	0.0	0.0	0.0	1.193870186805725	1.207253098487854	0.0	0.0	0.0	0.048303909599781036	0.0	0.5076726675033569	0.5690001249313354	0.0	0.4288651645183563	0.9845489859580994	0.0	1.2289729118347168	1.1151487827301025	0.0	0.0	0.6060180068016052	0.9031141996383667	0.0	0.0	0.8230031132698059	1.148494839668274	1.2936245203018188	0.948544979095459	1.2338796854019165	0.0	0.7247141003608704	0.0	0.0	0.0	0.7223062515258789	0.0	0.0	0.6937138438224792	0.0	0.0	0.7876793742179871	0.0	0.7436348795890808	0.8853247761726379	0.0	0.0	0.9431535601615906	0.0	0.0	0.7351811528205872	1.5331363677978516	0.0	0.0	0.0	0.0	0.0	0.0	0.9409566521644592	0.0	0.6774780750274658	0.0	0.0	0.0	0.0	0.702457845211029	0.0	0.0	0.0	1.2295643091201782	0.0	0.0	0.0
0.0	0.0	1.1552715301513672	0.5789315104484558	0.0	0.0	0.940931499004364	1.034736156463623	0.7911623120307922	0.0	0.0	0.9599263072013855	0.0	0.0	0.0	0.0	0.8788946270942688	0.0	0.0	0.0	0.0	0.565362274646759	0.7208579778671265	0.0	0.0	0.0	1.438316822052002	0.893561601638794	0.0	0.0	0.0	0.0	0.6904841661453247	0.0	0.0	0.5822962522506714	0.0	0.0	0.0	0.0	0.0	0.0	0.0	0.44980955123901367	0.0	0.0	0.0	0.0	0.0	0.6006549596786499	1.2077182531356812	0.0	0.0	0.0	0.9918097853660583	0.0	0.0	0.0	0.0	1.193306565284729	1.2112689018249512	0.0	0.0	0.0	0.05520271509885788	0.0	0.5055391192436218	0.5731707811355591	0.0	0.43265339732170105	0.9939168691635132	0.0	1.2298657894134521	1.1096404790878296	0.0	0.0	0.6022363901138306	0.9049643874168396	0.0	0.0	0.8166958689689636	1.1454421281814575	1.2954483032226562	0.9495777487754822	1.2303879261016846	0.0	0.7294084429740906	0.0	0.0	0.0	0.72768235206604	0.0	0.0	0.6936732530593872	0.0	0.0	0.7833679914474487	0.0	0.7441444993019104	0.8803752064704895	0.0	0.0	0.9684599041938782	0.0	0.0	0.7429097890853882	1.540687084197998	0.0	0.0	0.0	0.0	0.0	0.0	0.939607560634613	0.0	0.6725189089775085	0.0	0.0	0.0	0.0	0.7020337581634521	0.0	0.0	0.0	1.233557939529419	0.0	0.0	0.0
0.0	0.0	1.1824332475662231	0.586713433265686	0.0	0.0	0.955427348613739	1.0589094161987305	0.8091309666633606	0.0	0.0	0.9828816652297974	0.0	0.0	0.0	0.0	0.89994215965271	0.0	0.0	0.0	0.0	0.5678228139877319	0.7477813959121704	0.0	0.0	0.0	1.4691636562347412	0.9084868431091309	0.0	0.0	0.0	0.0	0.7256609797477722	0.0	0.0	0.5862961411476135	0.0	0.0	0.0	0.0	0.0	0.0	0.0	0.4486793577671051	0.0	0.0	0.0	0.0	0.0	0.6234779357910156	1.2327706813812256	0.0	0.0	0.0	1.0172545909881592	0.0	0.0	0.0	0.0	1.2138313055038452	1.2364284992218018	0.0	0.0	0.0	0.0462319441139698	0.0	0.5228740572929382	0.5766770839691162	0.0	0.4342479705810547	1.0179084539413452	0.0	1.2628941535949707	1.1407841444015503	0.0	0.0	0.6176514029502869	0.9322944283485413	0.0	0.0	0.8397352695465088	1.172232985496521	1.3392834663391113	0.9699910879135132	1.260416030883789	0.0	0.7401885986328125	0.0	0.0	0.0	0.7378154993057251	0.0	0.0	0.6953316330909729	0.0	0.0	0.8016824722290039	0.0	0.761038064956665	0.9005311131477356	0.0	0.0	0.9732248783111572	0.0	0.0	0.7469234466552734	1.5670719146728516	0.0	0.0	0.0	0.0	0.0	0.0	0.9567042589187622	0.0	0.6901817321777344	0.0	0.0	0.0	0.0	0.7115448117256165	0.0	0.0	0.0	1.2531875371932983	0.0	0.0	0.0
0.0	0.0	1.297545313835144	0.6500180959701538	0.0	0.0	1.0611882209777832	1.195698618888855	0.8875256776809692	0.0	0.0	1.089754581451416	0.0	0.0	0.0	0.0	1.0002368688583374	0.0	0.0	0.0	0.0	0.6492198705673218	0.8174661993980408	0.0	0.0	0.0	1.6356489658355713	0.9969149231910706	0.0	0.0	0.0	0.0	0.8107602596282959	0.0	0.0	0.6599681377410889	0.0	0.0	0.0	0.0	0.0	0.0	0.0	0.4899919629096985	0.0	0.0	0.0	0.0	0.0	0.6725083589553833	1.3487855195999146	0.0	0.0	0.0	1.1199263334274292	0.0	0.0	0.0	0.0	1.3572733402252197	1.3674887418746948	0.0	0.0	0.0	0.044541992247104645	0.0	0.5924075245857239	0.6373358368873596	0.0	0.4907694160938263	1.1143649816513062	0.0	1.397915005683899	1.2621777057647705	0.0	0.0	0.6842571496963501	1.0289101600646973	0.0	0.0	0.9248974323272705	1.3068610429763794	1.474432110786438	1.0849775075912476	1.3865396976470947	0.0	0.8223769664764404	0.0	0.0	0.0	0.8226016163825989	0.0	0.0	0.7440648674964905	0.0	0.0	0.8890911340713501	0.0	0.8430178761482239	0.9857746958732605	0.0	0.0	1.0657434463500977	0.0	0.0	0.839173436164856	1.7478578090667725	0.0	0.0	0.0	0.0	0.0	0.0	1.0566596984863281	0.0	0.7750048041343689	0.0	0.0	0.0	0.0	0.7917448878288269	0.0	0.0	0.0	1.4094189405441284	0.0	0.0	0.0
0.0	0.0	1.1619243621826172	0.5801709890365601	0.0	0.0	0.9311781525611877	1.0360974073410034	0.7906615138053894	0.0	0.0	0.9633300304412842	0.0	0.0	0.0	0.0	0.8890595436096191	0.0	0.0	0.0	0.0	0.5643532276153564	0.7295200824737549	0.0	0.0	0.0	1.4449608325958252	0.8950599431991577	0.0	0.0	0.0	0.0	0.70489501953125	0.0	0.0	0.5832536816596985	0.0	0.0	0.0	0.0	0.0	0.0	0.0	0.4478592574596405	0.0	0.0	0.0	0.0	0.0	0.6036098003387451	1.213461995124817	0.0	0.0	0.0	0.9883962869644165	0.0	0.0	0.0	0.0	1.190590262413025	1.2080262899398804	0.0	0.0	0.0	0.044683799147605896	0.0	0.5146254897117615	0.5687403678894043	0.0	0.4311305284500122	0.9965223073959351	0.0	1.2346452474594116	1.1137126684188843	0.0	0.0	0.6052879095077515	0.9109476804733276	0.0	0.0	0.8232021331787109	1.1457353830337524	1.3068535327911377	0.9443613886833191	1.2380419969558716	0.0	0.7275482416152954	0.0	0.0	0.0	0.7241386771202087	0.0	0.0	0.6896345019340515	0.0	0.0	0.792738676071167	0.0	0.7455753087997437	0.8845505714416504	0.0	0.0	0.9486371874809265	0.0	0.0	0.7432171702384949	1.5355887413024902	0.0	0.0	0.0	0.0	0.0	0.0	0.9428092241287231	0.0	0.6832077503204346	0.0	0.0	0.0	0.0	0.7057318091392517	0.0	0.0	0.0	1.2355995178222656	0.0	0.0	0.0
0.0	0.0	1.1628286838531494	0.580595850944519	0.0	0.0	0.9471155405044556	1.0327738523483276	0.79828280210495	0.0	0.0	0.956755518913269	0.0	0.0	0.0	0.0	0.886570930480957	0.0	0.0	0.0	0.0	0.5723267197608948	0.7369704842567444	0.0	0.0	0.0	1.446008324623108	0.8932007551193237	0.0	0.0	0.0	0.0	0.7097535133361816	0.0	0.0	0.5814270377159119	0.0	0.0	0.0	0.0	0.0	0.0	0.0	0.43958091735839844	0.0	0.0	0.0	0.0	0.0	0.6049712896347046	1.2081621885299683	0.0	0.0	0.0	0.9961004257202148	0.0	0.0	0.0	0.0	1.1876232624053955	1.208094596862793	0.0	0.0	0.0	0.045706771314144135	0.0	0.5066164135932922	0.5690245628356934	0.0	0.4320773482322693	0.9948347210884094	0.0	1.2386201620101929	1.1182022094726562	0.0	0.0	0.6018373370170593	0.9142458438873291	0.0	0.0	0.8168467879295349	1.1488723754882812	1.3053076267242432	0.9533438682556152	1.2363590002059937	0.0	0.7321540713310242	0.0	0.0	0.0	0.7274812459945679	0.0	0.0	0.6943104863166809	0.0	0.0	0.7886031270027161	0.0	0.7568293213844299	0.888974130153656	0.0	0.0	0.9623982310295105	0.0	0.0	0.7406855821609497	1.5397188663482666	0.0	0.0	0.0	0.0	0.0	0.0	0.9429896473884583	0.0	0.6846245527267456	0.0	0.0	0.0	0.0	0.6918599009513855	0.0	0.0	0.0	1.2345688343048096	0.0	0.0	0.0
0.0	0.0	1.1570262908935547	0.570561408996582	0.0	0.0	0.9437220096588135	1.031227707862854	0.7916746139526367	0.0	0.0	0.954950213432312	0.0	0.0	0.0	0.0	0.8733347058296204	0.0	0.0	0.0	0.0	0.5706360936164856	0.7230351567268372	0.0	0.0	0.0	1.433740258216858	0.8927450180053711	0.0	0.0	0.0	0.0	0.7050721049308777	0.0	0.0	0.5774892568588257	0.0	0.0	0.0	0.0	0.0	0.0	0.0	0.4430418908596039	0.0	0.0	0.0	0.0	0.0	0.5967098474502563	1.1985329389572144	0.0	0.0	0.0	0.9933487772941589	0.0	0.0	0.0	0.0	1.1773231029510498	1.205690622329712	0.0	0.0	0.0	0.049092937260866165	0.0	0.5035393238067627	0.5664222240447998	0.0	0.43323373794555664	0.9854721426963806	0.0	1.2320572137832642	1.1100155115127563	0.0	0.0	0.5975244641304016	0.9010562300682068	0.0	0.0	0.8084124326705933	1.1498711109161377	1.2899693250656128	0.9448070526123047	1.2271908521652222	0.0	0.7269591689109802	0.0	0.0	0.0	0.7205588817596436	0.0	0.0	0.6915456056594849	0.0	0.0	0.7786548137664795	0.0	0.7505909204483032	0.8818991184234619	0.0	0.0	0.9628604650497437	0.0	0.0	0.7281540632247925	1.5270103216171265	0.0	0.0	0.0	0.0	0.0	0.0	0.9374929070472717	0.0	0.6799440979957581	0.0	0.0	0.0	0.0	0.687406599521637	0.0	0.0	0.0	1.228272795677185	0.0	0.0	0.0
0.0	0.0	1.173122763633728	0.584782600402832	0.0	0.0	0.9576517939567566	1.0386463403701782	0.7998417615890503	0.0	0.0	0.9831794500350952	0.0	0.0	0.0	0.0	0.889886200428009	0.0	0.0	0.0	0.0	0.5870535373687744	0.7260335683822632	0.0	0.0	0.0	1.461565613746643	0.9023892879486084	0.0	0.0	0.0	0.0	0.6997539401054382	0.0	0.0	0.5914067029953003	0.0	0.0	0.0	0.0	0.0	0.0	0.0	0.4444059431552887	0.0	0.0	0.0	0.0	0.0	0.6124311685562134	1.240415096282959	0.0	0.0	0.0	0.9958098530769348	0.0	0.0	0.0	0.0	1.2052316665649414	1.226400375366211	0.0	0.0	0.0	0.05402462184429169	0.0	0.5112183690071106	0.578375518321991	0.0	0.44228124618530273	1.0064280033111572	0.0	1.2452949285507202	1.1194038391113281	0.0	0.0	0.6156898140907288	0.9138427376747131	0.0	0.0	0.8284496665000916	1.1701409816741943	1.3192124366760254	0.960433304309845	1.2381693124771118	0.0	0.7361618280410767	0.0	0.0	0.0	0.7362474799156189	0.0	0.0	0.7011981010437012	0.0	0.0	0.7883956432342529	0.0	0.7543184757232666	0.8970938920974731	0.0	0.0	0.98276287317276	0.0	0.0	0.7558808922767639	1.5582293272018433	0.0	0.0	0.0	0.0	0.0	0.0	0.9571092128753662	0.0	0.6898381114006042	0.0	0.0	0.0	0.0	0.7075802683830261	0.0	0.0	0.0	1.245363473892212	0.0	0.0	0.0
0.0	0.0	1.2534795999526978	0.6226221323013306	0.0	0.0	1.0099824666976929	1.1281397342681885	0.856650710105896	0.0	0.0	1.0439101457595825	0.0	0.0	0.0	0.0	0.9637930989265442	0.0	0.0	0.0	0.0	0.6092835068702698	0.7861136794090271	0.0	0.0	0.0	1.5559179782867432	0.964678168296814	0.0	0.0	0.0	0.0	0.7715132832527161	0.0	0.0	0.6231011748313904	0.0	0.0	0.0	0.0	0.0	0.0	0.0	0.4759137034416199	0.0	0.0	0.0	0.0	0.0	0.6562287211418152	1.3166661262512207	0.0	0.0	0.0	1.0693626403808594	0.0	0.0	0.0	0.0	1.2938258647918701	1.301747441291809	0.0	0.0	0.0	0.04675235226750374	0.0	0.5640398859977722	0.6112450361251831	0.0	0.46735772490501404	1.0794018507003784	0.0	1.3394944667816162	1.213232398033142	0.0	0.0	0.6571305990219116	0.9894396066665649	0.0	0.0	0.8920103311538696	1.2438913583755493	1.4167201519012451	1.0351791381835938	1.3301079273223877	0.0	0.7844905853271484	0.0	0.0	0.0	0.783094584941864	0.0	0.0	0.7203061580657959	0.0	0.0	0.8552514314651489	0.0	0.8008906841278076	0.9476675391197205	0.0	0.0	1.0216968059539795	0.0	0.0	0.8046671152114868	1.6721388101577759	0.0	0.0	0.0	0.0	0.0	0.0	1.012839436531067	0.0	0.7361518144607544	0.0	0.0	0.0	0.0	0.7509073615074158	0.0	0.0	0.0	1.339255928993225	0.0	0.0	0.0
0.0	0.0	1.1874672174453735	0.5902817845344543	0.0	0.0	0.9596284031867981	1.0571869611740112	0.8103473782539368	0.0	0.0	0.9817496538162231	0.0	0.0	0.0	0.0	0.9039473533630371	0.0	0.0	0.0	0.0	0.5835768580436707	0.741157054901123	0.0	0.0	0.0	1.4676177501678467	0.9136616587638855	0.0	0.0	0.0	0.0	0.7102406620979309	0.0	0.0	0.5933565497398376	0.0	0.0	0.0	0.0	0.0	0.0	0.0	0.45352962613105774	0.0	0.0	0.0	0.0	0.0	0.6164259910583496	1.2332301139831543	0.0	0.0	0.0	1.007988691329956	0.0	0.0	0.0	0.0	1.2166200876235962	1.2329983711242676	0.0	0.0	0.0	0.05085642263293266	0.0	0.5165814161300659	0.5815620422363281	0.0	0.44543522596359253	1.014320969581604	0.0	1.2587573528289795	1.1367665529251099	0.0	0.0	0.620964527130127	0.922603964805603	0.0	0.0	0.8387927412986755	1.1772667169570923	1.325241208076477	0.9655963778495789	1.2523210048675537	0.0	0.7424759268760681	0.0	0.0	0.0	0.7460060119628906	0.0	0.0	0.710413932800293	0.0	0.0	0.7988360524177551	0.0	0.7592573165893555	0.9019164443016052	0.0	0.0	0.9932577013969421	0.0	0.0	0.7546494007110596	1.573270320892334	0.0	0.0	0.0	0.0	0.0	0.0	0.9627450108528137	0.0	0.6960278153419495	0.0	0.0	0.0	0.0	0.7055037617683411	0.0	0.0	0.0	1.2583125829696655	0.0	0.0	0.0
0.0	0.0	1.231637716293335	0.6109737157821655	0.0	0.0	0.9904571771621704	1.1139798164367676	0.8382077217102051	0.0	0.0	1.0289890766143799	0.0	0.0	0.0	0.0	0.9342631101608276	0.0	0.0	0.0	0.0	0.6110045313835144	0.7757034301757812	0.0	0.0	0.0	1.5390806198120117	0.951267659664154	0.0	0.0	0.0	0.0	0.7610427141189575	0.0	0.0	0.6079060435295105	0.0	0.0	0.0	0.0	0.0	0.0	0.0	0.4693368077278137	0.0	0.0	0.0	0.0	0.0	0.6372238993644714	1.2864323854446411	0.0	0.0	0.0	1.0593538284301758	0.0	0.0	0.0	0.0	1.2721906900405884	1.2858041524887085	0.0	0.0	0.0	0.03892432525753975	0.0	0.5439247488975525	0.6029946208000183	0.0	0.4581155478954315	1.057274341583252	0.0	1.315833330154419	1.1871675252914429	0.0	0.0	0.6445276141166687	0.9622830748558044	0.0	0.0	0.8718351721763611	1.2209798097610474	1.3857895135879517	1.0095713138580322	1.3100841045379639	0.0	0.779751718044281	0.0	0.0	0.0	0.7775284647941589	0.0	0.0	0.7235934138298035	0.0	0.0	0.8391839265823364	0.0	0.7980775237083435	0.9415826201438904	0.0	0.0	1.001734972000122	0.0	0.0	0.7753572463989258	1.6369848251342773	0.0	0.0	0.0	0.0	0.0	0.0	1.002672791481018	0.0	0.7268459796905518	0.0	0.0	0.0	0.0	0.734809160232544	0.0	0.0	0.0	1.3128412961959839	0.0	0.0	0.0
0.0	0.0	1.1566767692565918	0.58091801404953	0.0	0.0	0.9412772059440613	1.0320004224777222	0.7926551699638367	0.0	0.0	0.9613295793533325	0.0	0.0	0.0	0.0	0.8788161277770996	0.0	0.0	0.0	0.0	0.5677663087844849	0.7244681715965271	0.0	0.0	0.0	1.4442919492721558	0.891483724117279	0.0	0.0	0.0	0.0	0.6963240504264832	0.0	0.0	0.5787134170532227	0.0	0.0	0.0	0.0	0.0	0.0	0.0	0.43427416682243347	0.0	0.0	0.0	0.0	0.0	0.6066104173660278	1.21442449092865	0.0	0.0	0.0	0.9887169003486633	0.0	0.0	0.0	0.0	1.183853268623352	1.2074363231658936	0.0	0.0	0.0	0.04810154810547829	0.0	0.5057236552238464	0.568573534488678	0.0	0.430270254611969	0.9988369941711426	0.0	1.2288947105407715	1.1141412258148193	0.0	0.0	0.6022003889083862	0.9077597260475159	0.0	0.0	0.8155325055122375	1.148081660270691	1.3004158735275269	0.947727382183075	1.2289930582046509	0.0	0.7193925380706787	0.0	0.0	0.0	0.725270688533783	0.0	0.0	0.6898122429847717	0.0	0.0	0.7778370380401611	0.0	0.752261221408844	0.8812706470489502	0.0	0.0	0.9625067114830017	0.0	0.0	0.7409524917602539	1.5361839532852173	0.0	0.0	0.0	0.0	0.0	0.0	0.9440686702728271	0.0	0.6830899715423584	0.0	0.0	0.0	0.0	0.6982981562614441	0.0	0.0	0.0	1.2311846017837524	0.0	0.0	0.0
0.0	0.0	1.1666898727416992	0.5752449631690979	0.0	0.0	0.9486600160598755	1.0483988523483276	0.7960789799690247	0.0	0.0	0.9698879718780518	0.0	0.0	0.0	0.0	0.8906053304672241	0.0	0.0	0.0	0.0	0.5728390216827393	0.7361854314804077	0.0	0.0	0.0	1.450745940208435	0.9024608731269836	0.0	0.0	0.0	0.0	0.7074913382530212	0.0	0.0	0.5909557342529297	0.0	0.0	0.0	0.0	0.0	0.0	0.0	0.45205268263816833	0.0	0.0	0.0	0.0	0.0	0.6111243963241577	1.225149154663086	0.0	0.0	0.0	0.9937633872032166	0.0	0.0	0.0	0.0	1.2013291120529175	1.217008352279663	0.0	0.0	0.0	0.04114654287695885	0.0	0.5189115405082703	0.5737090706825256	0.0	0.43377432227134705	1.0014517307281494	0.0	1.2439497709274292	1.1241780519485474	0.0	0.0	0.6178902983665466	0.9133183360099792	0.0	0.0	0.830501139163971	1.1625245809555054	1.3152581453323364	0.9569060802459717	1.2458786964416504	0.0	0.730760931968689	0.0	0.0	0.0	0.7389333248138428	0.0	0.0	0.6984826922416687	0.0	0.0	0.7950771450996399	0.0	0.7505429983139038	0.8866361975669861	0.0	0.0	0.950274646282196	0.0	0.0	0.7458310723304749	1.548496961593628	0.0	0.0	0.0	0.0	0.0	0.0	0.9486683011054993	0.0	0.6847290396690369	0.0	0.0	0.0	0.0	0.7103604674339294	0.0	0.0	0.0	1.2443958520889282	0.0	0.0	0.0
0.0	0.0	1.1927257776260376	0.5967599153518677	0.0	0.0	0.977055013179779	1.063744068145752	0.820746123790741	0.0	0.0	0.9945286512374878	0.0	0.0	0.0	0.0	0.9126205444335938	0.0	0.0	0.0	0.0	0.5811212658882141	0.7554648518562317	0.0	0.0	0.0	1.4855157136917114	0.9226332902908325	0.0	0.0	0.0	0.0	0.7196794748306274	0.0	0.0	0.6076647639274597	0.0	0.0	0.0	0.0	0.0	0.0	0.0	0.4709329903125763	0.0	0.0	0.0	0.0	0.0	0.6262869834899902	1.2593579292297363	0.0	0.0	0.0	1.0244767665863037	0.0	0.0	0.0	0.0	1.2309638261795044	1.25435209274292	0.0	0.0	0.0	0.059268176555633545	0.0	0.5310224294662476	0.5941659808158875	0.0	0.4472590386867523	1.0254895687103271	0.0	1.2701117992401123	1.154509425163269	0.0	0.0	0.6225189566612244	0.9308793544769287	0.0	0.0	0.8464124202728271	1.1869577169418335	1.3451216220855713	0.9839684367179871	1.2717344760894775	0.0	0.753951907157898	0.0	0.0	0.0	0.7475345730781555	0.0	0.0	0.7210633158683777	0.0	0.0	0.8095309138298035	0.0	0.7755440473556519	0.9142417907714844	0.0	0.0	1.021466612815857	0.0	0.0	0.777004063129425	1.5977416038513184	0.0	0.0	0.0	0.0	0.0	0.0	0.9700949192047119	0.0	0.7045754194259644	0.0	0.0	0.0	0.0	0.7258526682853699	0.0	0.0	0.0	1.2795430421829224	0.0	0.0	0.0
0.0	0.0	1.1704094409942627	0.5809251666069031	0.0	0.0	0.9460903406143188	1.0402463674545288	0.7987002730369568	0.0	0.0	0.9650717973709106	0.0	0.0	0.0	0.0	0.8847302794456482	0.0	0.0	0.0	0.0	0.5736356973648071	0.7293773293495178	0.0	0.0	0.0	1.4446736574172974	0.902252197265625	0.0	0.0	0.0	0.0	0.698840856552124	0.0	0.0	0.5855384469032288	0.0	0.0	0.0	0.0	0.0	0.0	0.0	0.44400545954704285	0.0	0.0	0.0	0.0	0.0	0.6122967600822449	1.2240232229232788	0.0	0.0	0.0	0.993236243724823	0.0	0.0	0.0	0.0	1.200053095817566	1.2170665264129639	0.0	0.0	0.0	0.04678323119878769	0.0	0.5129039287567139	0.5768259167671204	0.0	0.4355030655860901	1.0005578994750977	0.0	1.237403154373169	1.1217141151428223	0.0	0.0	0.6110607981681824	0.9103299379348755	0.0	0.0	0.8261082768440247	1.1589990854263306	1.3083466291427612	0.9511839747428894	1.2381821870803833	0.0	0.7281715273857117	0.0	0.0	0.0	0.7286509275436401	0.0	0.0	0.6985600590705872	0.0	0.0	0.7910545468330383	0.0	0.7490529417991638	0.8904110193252563	0.0	0.0	0.9535850882530212	0.0	0.0	0.7418828010559082	1.5425101518630981	0.0	0.0	0.0	0.0	0.0	0.0	0.9486331939697266	0.0	0.6921666860580444	0.0	0.0	0.0	0.0	0.7014325261116028	0.0	0.0	0.0	1.2403655052185059	0.0	0.0	0.0
0.0	0.0	1.1709604263305664	0.5814019441604614	0.0	0.0	0.9486819505691528	1.0417031049728394	0.801618218421936	0.0	0.0	0.9744202494621277	0.0	0.0	0.0	0.0	0.8866048455238342	0.0	0.0	0.0	0.0	0.5765750408172607	0.7279483675956726	0.0	0.0	0.0	1.4561750888824463	0.8974977731704712	0.0	0.0	0.0	0.0	0.7016791701316833	0.0	0.0	0.5867021679878235	0.0	0.0	0.0	0.0	0.0	0.0	0.0	0.44778236746788025	0.0	0.0	0.0	0.0	0.0	0.6047869920730591	1.2221726179122925	0.0	0.0	0.0	0.9971086382865906	0.0	0.0	0.0	0.0	1.2052652835845947	1.2216510772705078	0.0	0.0	0.0	0.05004623159766197	0.0	0.5117161870002747	0.5800635814666748	0.0	0.43760836124420166	0.9974010586738586	0.0	1.244391679763794	1.120444655418396	0.0	0.0	0.6057260036468506	0.9078641533851624	0.0	0.0	0.8278775811195374	1.1599785089492798	1.304720401763916	0.9601231813430786	1.2360421419143677	0.0	0.737635612487793	0.0	0.0	0.0	0.7366482615470886	0.0	0.0	0.6965171098709106	0.0	0.0	0.784141480922699	0.0	0.7527766823768616	0.8879685997962952	0.0	0.0	0.983400821685791	0.0	0.0	0.746195912361145	1.5503134727478027	0.0	0.0	0.0	0.0	0.0	0.0	0.9536131024360657	0.0	0.6859147548675537	0.0	0.0	0.0	0.0	0.7009815573692322	0.0	0.0	0.0	1.2447757720947266	0.0	0.0	0.0
0.0	0.0	1.1639304161071777	0.5822006464004517	0.0	0.0	0.9391692876815796	1.0407789945602417	0.7980167865753174	0.0	0.0	0.9717532396316528	0.0	0.0	0.0	0.0	0.8926048278808594	0.0	0.0	0.0	0.0	0.5636204481124878	0.7287700772285461	0.0	0.0	0.0	1.4479585886001587	0.901711106300354	0.0	0.0	0.0	0.0	0.7075912356376648	0.0	0.0	0.5884681344032288	0.0	0.0	0.0	0.0	0.0	0.0	0.0	0.45457351207733154	0.0	0.0	0.0	0.0	0.0	0.6086052060127258	1.219685435295105	0.0	0.0	0.0	0.984697163105011	0.0	0.0	0.0	0.0	1.1980897188186646	1.2123603820800781	0.0	0.0	0.0	0.04588581621646881	0.0	0.5160084366798401	0.5739511251449585	0.0	0.43664804100990295	0.9974411725997925	0.0	1.2387772798538208	1.1164487600326538	0.0	0.0	0.6108199954032898	0.9130697250366211	0.0	0.0	0.8308663964271545	1.1554577350616455	1.3089908361434937	0.9582463502883911	1.2361935377120972	0.0	0.7264155149459839	0.0	0.0	0.0	0.7313822507858276	0.0	0.0	0.6984249949455261	0.0	0.0	0.792296826839447	0.0	0.7521653175354004	0.8891552686691284	0.0	0.0	0.9489570260047913	0.0	0.0	0.7404886484146118	1.5444153547286987	0.0	0.0	0.0	0.0	0.0	0.0	0.9481179714202881	0.0	0.6849365234375	0.0	0.0	0.0	0.0	0.7095454931259155	0.0	0.0	0.0	1.2358311414718628	0.0	0.0	0.0
0.0	0.0	1.3209867477416992	0.6430543661117554	0.0	0.0	1.0718883275985718	1.1890627145767212	0.8981868624687195	0.0	0.0	1.102428913116455	0.0	0.0	0.0	0.0	1.0142900943756104	0.0	0.0	0.0	0.0	0.6394554972648621	0.805974543094635	0.0	0.0	0.0	1.640809178352356	0.9987021088600159	0.0	0.0	0.0	0.0	0.8250123858451843	0.0	0.0	0.6577073931694031	0.0	0.0	0.0	0.0	0.0	0.0	0.0	0.4947948455810547	0.0	0.0	0.0	0.0	0.0	0.694340169429779	1.3707032203674316	0.0	0.0	0.0	1.1364002227783203	0.0	0.0	0.0	0.0	1.3637486696243286	1.3738996982574463	0.0	0.0	0.0	0.044789329171180725	0.0	0.5849957466125488	0.6437786817550659	0.0	0.4958474338054657	1.1245990991592407	0.0	1.4149466753005981	1.2809604406356812	0.0	0.0	0.6977671384811401	1.031895399093628	0.0	0.0	0.9285215139389038	1.3187814950942993	1.4947150945663452	1.1014773845672607	1.3897088766098022	0.0	0.8155667185783386	0.0	0.0	0.0	0.818743109703064	0.0	0.0	0.7641808986663818	0.0	0.0	0.9070455431938171	0.0	0.8369002938270569	0.9939286112785339	0.0	0.0	1.072974443435669	0.0	0.0	0.8546095490455627	1.7653979063034058	0.0	0.0	0.0	0.0	0.0	0.0	1.0809000730514526	0.0	0.7866171002388	0.0	0.0	0.0	0.0	0.7858609557151794	0.0	0.0	0.0	1.4249964952468872	0.0	0.0	0.0
0.0	0.0	1.164634346961975	0.5790420770645142	0.0	0.0	0.9489579200744629	1.0401233434677124	0.8000979423522949	0.0	0.0	0.9709221720695496	0.0	0.0	0.0	0.0	0.8859458565711975	0.0	0.0	0.0	0.0	0.5737674832344055	0.7262371182441711	0.0	0.0	0.0	1.4504235982894897	0.901546061038971	0.0	0.0	0.0	0.0	0.7012020945549011	0.0	0.0	0.5927553176879883	0.0	0.0	0.0	0.0	0.0	0.0	0.0	0.4469490349292755	0.0	0.0	0.0	0.0	0.0	0.5992791652679443	1.2240982055664062	0.0	0.0	0.0	0.9967256188392639	0.0	0.0	0.0	0.0	1.203776478767395	1.228312373161316	0.0	0.0	0.0	0.052242498844861984	0.0	0.5077375173568726	0.5821980237960815	0.0	0.434937983751297	1.0014234781265259	0.0	1.2426726818084717	1.1218723058700562	0.0	0.0	0.6077855229377747	0.9066652059555054	0.0	0.0	0.8257521986961365	1.159903883934021	1.308038353919983	0.954684317111969	1.2381165027618408	0.0	0.7388774752616882	0.0	0.0	0.0	0.743245005607605	0.0	0.0	0.7050854563713074	0.0	0.0	0.793648898601532	0.0	0.751364529132843	0.8931031227111816	0.0	0.0	0.9839619398117065	0.0	0.0	0.7517386674880981	1.5507208108901978	0.0	0.0	0.0	0.0	0.0	0.0	0.9499537944793701	0.0	0.68012934923172	0.0	0.0	0.0	0.0	0.7025259137153625	0.0	0.0	0.0	1.2399592399597168	0.0	0.0	0.0
0.0	0.0	1.1777288913726807	0.5914109945297241	0.0	0.0	0.961725115776062	1.0548310279846191	0.8116381168365479	0.0	0.0	0.9793521165847778	0.0	0.0	0.0	0.0	0.9035919904708862	0.0	0.0	0.0	0.0	0.5701646208763123	0.739923894405365	0.0	0.0	0.0	1.4704506397247314	0.9152798652648926	0.0	0.0	0.0	0.0	0.718123733997345	0.0	0.0	0.5877977013587952	0.0	0.0	0.0	0.0	0.0	0.0	0.0	0.4584302604198456	0.0	0.0	0.0	0.0	0.0	0.6189759373664856	1.2263360023498535	0.0	0.0	0.0	1.0123803615570068	0.0	0.0	0.0	0.0	1.214956283569336	1.2315301895141602	0.0	0.0	0.0	0.05037527531385422	0.0	0.5167725682258606	0.5847775340080261	0.0	0.43924346566200256	1.0128686428070068	0.0	1.2630079984664917	1.138861894607544	0.0	0.0	0.6162828803062439	0.9185622930526733	0.0	0.0	0.8366581797599792	1.1727094650268555	1.325203537940979	0.9754450917243958	1.2541807889938354	0.0	0.7391574382781982	0.0	0.0	0.0	0.7368043661117554	0.0	0.0	0.7035496234893799	0.0	0.0	0.8022656440734863	0.0	0.7647262215614319	0.9044670462608337	0.0	0.0	0.9826356172561646	0.0	0.0	0.748705267906189	1.5733197927474976	0.0	0.0	0.0	0.0	0.0	0.0	0.9564189910888672	0.0	0.6950417757034302	0.0	0.0	0.0	0.0	0.7100350260734558	0.0	0.0	0.0	1.262143850326538	0.0	0.0	0.0
0.0	0.0	1.1680705547332764	0.5850926041603088	0.0	0.0	0.9541144967079163	1.0357072353363037	0.8067504167556763	0.0	0.0	0.9732627868652344	0.0	0.0	0.0	0.0	0.8939428329467773	0.0	0.0	0.0	0.0	0.5737314224243164	0.7343238592147827	0.0	0.0	0.0	1.457955241203308	0.9001423716545105	0.0	0.0	0.0	0.0	0.7000346183776855	0.0	0.0	0.5906586050987244	0.0	0.0	0.0	0.0	0.0	0.0	0.0	0.4569307267665863	0.0	0.0	0.0	0.0	0.0	0.6113036870956421	1.2228325605392456	0.0	0.0	0.0	0.9968235492706299	0.0	0.0	0.0	0.0	1.2071689367294312	1.2266992330551147	0.0	0.0	0.0	0.048304278403520584	0.0	0.5123286843299866	0.5836507081985474	0.0	0.4368724226951599	1.0033977031707764	0.0	1.2483948469161987	1.1307661533355713	0.0	0.0	0.606121838092804	0.9129524230957031	0.0	0.0	0.8270944952964783	1.1667249202728271	1.3167322874069214	0.9617293477058411	1.2441153526306152	0.0	0.7390347719192505	0.0	0.0	0.0	0.7330490946769714	0.0	0.0	0.7008943557739258	0.0	0.0	0.7891050577163696	0.0	0.7574912309646606	0.8940852880477905	0.0	0.0	0.9909361004829407	0.0	0.0	0.7517787218093872	1.5547672510147095	0.0	0.0	0.0	0.0	0.0	0.0	0.9444764256477356	0.0	0.6877666115760803	0.0	0.0	0.0	0.0	0.7075049877166748	0.0	0.0	0.0	1.248238205909729	0.0	0.0	0.0
0.0	0.0	1.1813337802886963	0.593682587146759	0.0	0.0	0.9527187943458557	1.063629388809204	0.8041316270828247	0.0	0.0	0.9767590165138245	0.0	0.0	0.0	0.0	0.9051845073699951	0.0	0.0	0.0	0.0	0.5727822780609131	0.7406113147735596	0.0	0.0	0.0	1.4712797403335571	0.9085630178451538	0.0	0.0	0.0	0.0	0.7223730087280273	0.0	0.0	0.5976643562316895	0.0	0.0	0.0	0.0	0.0	0.0	0.0	0.4560626447200775	0.0	0.0	0.0	0.0	0.0	0.6221622824668884	1.240637183189392	0.0	0.0	0.0	1.000436544418335	0.0	0.0	0.0	0.0	1.2185097932815552	1.2300525903701782	0.0	0.0	0.0	0.045251183211803436	0.0	0.5278031826019287	0.5767229199409485	0.0	0.4370858371257782	1.0107603073120117	0.0	1.2582132816314697	1.1416016817092896	0.0	0.0	0.6166049838066101	0.931041955947876	0.0	0.0	0.840623140335083	1.1688553094863892	1.329129934310913	0.963874340057373	1.2605617046356201	0.0	0.7387663125991821	0.0	0.0	0.0	0.7425814270973206	0.0	0.0	0.7037752866744995	0.0	0.0	0.8059234023094177	0.0	0.7550324201583862	0.8987711668014526	0.0	0.0	0.9565638303756714	0.0	0.0	0.7492055892944336	1.5707297325134277	0.0	0.0	0.0	0.0	0.0	0.0	0.96330726146698	0.0	0.6996698379516602	0.0	0.0	0.0	0.0	0.7232065796852112	0.0	0.0	0.0	1.25618577003479	0.0	0.0	0.0
0.0	0.0	1.168821930885315	0.5832347869873047	0.0	0.0	0.9509977102279663	1.0447137355804443	0.8015592694282532	0.0	0.0	0.9744914174079895	0.0	0.0	0.0	0.0	0.8920164704322815	0.0	0.0	0.0	0.0	0.5739406943321228	0.7336908578872681	0.0	0.0	0.0	1.4540109634399414	0.9025619029998779	0.0	0.0	0.0	0.0	0.7083537578582764	0.0	0.0	0.5897183418273926	0.0	0.0	0.0	0.0	0.0	0.0	0.0	0.4469136595726013	0.0	0.0	0.0	0.0	0.0	0.6091867685317993	1.2288463115692139	0.0	0.0	0.0	1.0039153099060059	0.0	0.0	0.0	0.0	1.2043297290802002	1.2245733737945557	0.0	0.0	0.0	0.039549361914396286	0.0	0.5117320418357849	0.5800658464431763	0.0	0.44157347083091736	0.9993343949317932	0.0	1.2425488233566284	1.1313821077346802	0.0	0.0	0.6104258298873901	0.9161800742149353	0.0	0.0	0.8307027220726013	1.1671502590179443	1.3088610172271729	0.9574551582336426	1.2390382289886475	0.0	0.7373965978622437	0.0	0.0	0.0	0.7351463437080383	0.0	0.0	0.6969251036643982	0.0	0.0	0.7934369444847107	0.0	0.7593145966529846	0.887780487537384	0.0	0.0	0.983240008354187	0.0	0.0	0.7476455569267273	1.5501155853271484	0.0	0.0	0.0	0.0	0.0	0.0	0.9538159370422363	0.0	0.6900458931922913	0.0	0.0	0.0	0.0	0.7027326226234436	0.0	0.0	0.0	1.2454304695129395	0.0	0.0	0.0
0.0	0.0	1.1564533710479736	0.5783247947692871	0.0	0.0	0.9396120309829712	1.0304148197174072	0.7940377593040466	0.0	0.0	0.9554623961448669	0.0	0.0	0.0	0.0	0.8800472617149353	0.0	0.0	0.0	0.0	0.5640848875045776	0.7210007309913635	0.0	0.0	0.0	1.435068964958191	0.8943085670471191	0.0	0.0	0.0	0.0	0.6950013637542725	0.0	0.0	0.5829063057899475	0.0	0.0	0.0	0.0	0.0	0.0	0.0	0.4413989782333374	0.0	0.0	0.0	0.0	0.0	0.6010031700134277	1.2133965492248535	0.0	0.0	0.0	0.9810758829116821	0.0	0.0	0.0	0.0	1.1934418678283691	1.2100019454956055	0.0	0.0	0.0	0.04525422304868698	0.0	0.5090921521186829	0.5746518969535828	0.0	0.4323669373989105	0.9940846562385559	0.0	1.2265727519989014	1.1148828268051147	0.0	0.0	0.6044657230377197	0.9019687175750732	0.0	0.0	0.8231871128082275	1.1503115892410278	1.2986494302749634	0.9466696977615356	1.2312006950378418	0.0	0.7224977016448975	0.0	0.0	0.0	0.7248783111572266	0.0	0.0	0.6941068172454834	0.0	0.0	0.7837809920310974	0.0	0.7414025068283081	0.8860490918159485	0.0	0.0	0.9708529114723206	0.0	0.0	0.7418505549430847	1.5406696796417236	0.0	0.0	0.0	0.0	0.0	0.0	0.9394010305404663	0.0	0.6760627627372742	0.0	0.0	0.0	0.0	0.6972447633743286	0.0	0.0	0.0	1.2314924001693726	0.0	0.0	0.0
0.0	0.0	1.2618463039398193	0.6250194907188416	0.0	0.0	1.0146363973617554	1.147952914237976	0.8671751022338867	0.0	0.0	1.0593912601470947	0.0	0.0	0.0	0.0	0.9661771059036255	0.0	0.0	0.0	0.0	0.6166701316833496	0.7877050042152405	0.0	0.0	0.0	1.57117760181427	0.9681706428527832	0.0	0.0	0.0	0.0	0.7848530411720276	0.0	0.0	0.6251059770584106	0.0	0.0	0.0	0.0	0.0	0.0	0.0	0.48158028721809387	0.0	0.0	0.0	0.0	0.0	0.6607055068016052	1.3121129274368286	0.0	0.0	0.0	1.089182734489441	0.0	0.0	0.0	0.0	1.2882200479507446	1.319258213043213	0.0	0.0	0.0	0.03308045491576195	0.0	0.5480087399482727	0.6031635403633118	0.0	0.47544312477111816	1.0796008110046387	0.0	1.3566935062408447	1.2301483154296875	0.0	0.0	0.6565499305725098	0.9969487190246582	0.0	0.0	0.890979528427124	1.2485889196395874	1.4236284494400024	1.041275143623352	1.341370701789856	0.0	0.7978466749191284	0.0	0.0	0.0	0.7932751774787903	0.0	0.0	0.7322646975517273	0.0	0.0	0.8657406568527222	0.0	0.8200166821479797	0.9599401950836182	0.0	0.0	1.014965295791626	0.0	0.0	0.7907170057296753	1.6839051246643066	0.0	0.0	0.0	0.0	0.0	0.0	1.024071455001831	0.0	0.7346053123474121	0.0	0.0	0.0	0.0	0.7508771419525146	0.0	0.0	0.0	1.3588114976882935	0.0	0.0	0.0
0.0	0.0	1.1597340106964111	0.5826137065887451	0.0	0.0	0.9475583434104919	1.0391138792037964	0.7959060668945312	0.0	0.0	0.9669843912124634	0.0	0.0	0.0	0.0	0.8796627521514893	0.0	0.0	0.0	0.0	0.5756971836090088	0.724992573261261	0.0	0.0	0.0	1.450837254524231	0.8978112936019897	0.0	0.0	0.0	0.0	0.699383556842804	0.0	0.0	0.5842808485031128	0.0	0.0	0.0	0.0	0.0	0.0	0.0	0.4495176076889038	0.0	0.0	0.0	0.0	0.0	0.6080474853515625	1.221955418586731	0.0	0.0	0.0	0.9951669573783875	0.0	0.0	0.0	0.0	1.198665738105774	1.2179090976715088	0.0	0.0	0.0	0.04877636209130287	0.0	0.5059646964073181	0.5774379372596741	0.0	0.4379236698150635	0.9983978867530823	0.0	1.2410321235656738	1.1199908256530762	0.0	0.0	0.6106676459312439	0.9090276956558228	0.0	0.0	0.8243691921234131	1.1589604616165161	1.3048324584960938	0.9523878693580627	1.2397980690002441	0.0	0.7337476015090942	0.0	0.0	0.0	0.7334331274032593	0.0	0.0	0.6983966827392578	0.0	0.0	0.789838433265686	0.0	0.755027711391449	0.8933960795402527	0.0	0.0	0.9781909584999084	0.0	0.0	0.7505850791931152	1.546751618385315	0.0	0.0	0.0	0.0	0.0	0.0	0.9482706785202026	0.0	0.6822502017021179	0.0	0.0	0.0	0.0	0.7015172839164734	0.0	0.0	0.0	1.240707516670227	0.0	0.0	0.0
0.0	0.0	1.159377098083496	0.57909095287323	0.0	0.0	0.9447247385978699	1.0355627536773682	0.7935222387313843	0.0	0.0	0.9608110785484314	0.0	0.0	0.0	0.0	0.8822097182273865	0.0	0.0	0.0	0.0	0.5692756772041321	0.7227304577827454	0.0	0.0	0.0	1.4391223192214966	0.8983235359191895	0.0	0.0	0.0	0.0	0.6985765099525452	0.0	0.0	0.5838707089424133	0.0	0.0	0.0	0.0	0.0	0.0	0.0	0.44240885972976685	0.0	0.0	0.0	0.0	0.0	0.6035622358322144	1.212222695350647	0.0	0.0	0.0	0.9907135367393494	0.0	0.0	0.0	0.0	1.1874161958694458	1.2068911790847778	0.0	0.0	0.0	0.050848159939050674	0.0	0.5137050151824951	0.5673609972000122	0.0	0.4337014853954315	0.9943242073059082	0.0	1.2297024726867676	1.1122556924819946	0.0	0.0	0.6082841157913208	0.9093993902206421	0.0	0.0	0.8223976492881775	1.147079586982727	1.29867684841156	0.9490678906440735	1.2269254922866821	0.0	0.7298261523246765	0.0	0.0	0.0	0.7278197407722473	0.0	0.0	0.6984806656837463	0.0	0.0	0.7797196507453918	0.0	0.7490625977516174	0.8869659304618835	0.0	0.0	0.9695422649383545	0.0	0.0	0.7486746311187744	1.5385782718658447	0.0	0.0	0.0	0.0	0.0	0.0	0.9380437135696411	0.0	0.6763003468513489	0.0	0.0	0.0	0.0	0.6975632905960083	0.0	0.0	0.0	1.2339611053466797	0.0	0.0	0.0
0.0	0.0	1.192507028579712	0.5993311405181885	0.0	0.0	0.9674124121665955	1.071042776107788	0.8118683695793152	0.0	0.0	0.9947571158409119	0.0	0.0	0.0	0.0	0.9108837842941284	0.0	0.0	0.0	0.0	0.5811707973480225	0.7397722601890564	0.0	0.0	0.0	1.4794542789459229	0.9189406633377075	0.0	0.0	0.0	0.0	0.7198204398155212	0.0	0.0	0.598737359046936	0.0	0.0	0.0	0.0	0.0	0.0	0.0	0.4495377540588379	0.0	0.0	0.0	0.0	0.0	0.6187215447425842	1.2512238025665283	0.0	0.0	0.0	1.0194566249847412	0.0	0.0	0.0	0.0	1.224295973777771	1.2435669898986816	0.0	0.0	0.0	0.044907961040735245	0.0	0.5207086205482483	0.5866299867630005	0.0	0.44772621989250183	1.0259891748428345	0.0	1.2702662944793701	1.1509133577346802	0.0	0.0	0.6231535077095032	0.9296042323112488	0.0	0.0	0.8466675281524658	1.1869312524795532	1.3361916542053223	0.9756467342376709	1.264805793762207	0.0	0.7482509016990662	0.0	0.0	0.0	0.7447381019592285	0.0	0.0	0.7107040286064148	0.0	0.0	0.8024007678031921	0.0	0.7626139521598816	0.9078935980796814	0.0	0.0	0.9917568564414978	0.0	0.0	0.7705152034759521	1.5840448141098022	0.0	0.0	0.0	0.0	0.0	0.0	0.967940628528595	0.0	0.6988868117332458	0.0	0.0	0.0	0.0	0.7196402549743652	0.0	0.0	0.0	1.2635267972946167	0.0	0.0	0.0
0.0	0.0	1.3053287267684937	0.6378039121627808	0.0	0.0	1.0444766283035278	1.1662148237228394	0.8770118355751038	0.0	0.0	1.0806366205215454	0.0	0.0	0.0	0.0	1.0086506605148315	0.0	0.0	0.0	0.0	0.6421545147895813	0.8150925636291504	0.0	0.0	0.0	1.6190054416656494	0.9930354356765747	0.0	0.0	0.0	0.0	0.8007351756095886	0.0	0.0	0.6402169466018677	0.0	0.0	0.0	0.0	0.0	0.0	0.0	0.5169724225997925	0.0	0.0	0.0	0.0	0.0	0.6723084449768066	1.3570592403411865	0.0	0.0	0.0	1.1143327951431274	0.0	0.0	0.0	0.0	1.3277703523635864	1.3423042297363281	0.0	0.0	0.0	0.039917148649692535	0.0	0.5743690133094788	0.6447713971138	0.0	0.48170897364616394	1.1122032403945923	0.0	1.383623480796814	1.2638022899627686	0.0	0.0	0.6847713589668274	1.0236623287200928	0.0	0.0	0.911585807800293	1.2836414575576782	1.468836784362793	1.0716328620910645	1.3707754611968994	0.0	0.8232873678207397	0.0	0.0	0.0	0.8133867383003235	0.0	0.0	0.7621539235115051	0.0	0.0	0.8766844272613525	0.0	0.8297662734985352	0.9899542927742004	0.0	0.0	1.0644692182540894	0.0	0.0	0.8201338648796082	1.7275292873382568	0.0	0.0	0.0	0.0	0.0	0.0	1.0611358880996704	0.0	0.7656429409980774	0.0	0.0	0.0	0.0	0.7765143513679504	0.0	0.0	0.0	1.379184365272522	0.0	0.0	0.0
0.0	0.0	1.310101866722107	0.6378218531608582	0.0	0.0	1.046803593635559	1.1792253255844116	0.8873281478881836	0.0	0.0	1.0722745656967163	0.0	0.0	0.0	0.0	0.9944961667060852	0.0	0.0	0.0	0.0	0.6215604543685913	0.8240030407905579	0.0	0.0	0.0	1.6301506757736206	0.9918920397758484	0.0	0.0	0.0	0.0	0.8009204268455505	0.0	0.0	0.6373465657234192	0.0	0.0	0.0	0.0	0.0	0.0	0.0	0.5035645365715027	0.0	0.0	0.0	0.0	0.0	0.6768079996109009	1.3627623319625854	0.0	0.0	0.0	1.1159244775772095	0.0	0.0	0.0	0.0	1.3462142944335938	1.3557422161102295	0.0	0.0	0.0	0.04923083633184433	0.0	0.5873481631278992	0.6423656940460205	0.0	0.4839082956314087	1.1257927417755127	0.0	1.3966245651245117	1.267257571220398	0.0	0.0	0.6862387657165527	1.029184341430664	0.0	0.0	0.9175485372543335	1.300028681755066	1.46891188621521	1.0756340026855469	1.393667459487915	0.0	0.8092511296272278	0.0	0.0	0.0	0.8194904923439026	0.0	0.0	0.7478355765342712	0.0	0.0	0.8901653289794922	0.0	0.8410546779632568	0.9881579875946045	0.0	0.0	1.045230507850647	0.0	0.0	0.8175030946731567	1.742780089378357	0.0	0.0	0.0	0.0	0.0	0.0	1.0673773288726807	0.0	0.753835916519165	0.0	0.0	0.0	0.0	0.7745693922042847	0.0	0.0	0.0	1.3879636526107788	0.0	0.0	0.0
0.0	0.0	1.2896007299423218	0.6406895518302917	0.0	0.0	1.0315617322921753	1.1650866270065308	0.8764591217041016	0.0	0.0	1.0748870372772217	0.0	0.0	0.0	0.0	0.9930148720741272	0.0	0.0	0.0	0.0	0.6608839631080627	0.8086891770362854	0.0	0.0	0.0	1.6120537519454956	0.994985818862915	0.0	0.0	0.0	0.0	0.8020382523536682	0.0	0.0	0.6375373005867004	0.0	0.0	0.0	0.0	0.0	0.0	0.0	0.48854467272758484	0.0	0.0	0.0	0.0	0.0	0.6791064143180847	1.337526559829712	0.0	0.0	0.0	1.1054348945617676	0.0	0.0	0.0	0.0	1.3294495344161987	1.3465522527694702	0.0	0.0	0.0	0.04869028925895691	0.0	0.5746179223060608	0.6351761817932129	0.0	0.48353248834609985	1.1039142608642578	0.0	1.383213758468628	1.2575592994689941	0.0	0.0	0.68644779920578	1.01626718044281	0.0	0.0	0.9051549434661865	1.2889201641082764	1.4550905227661133	1.0597492456436157	1.3809583187103271	0.0	0.8075430989265442	0.0	0.0	0.0	0.8218979239463806	0.0	0.0	0.748687207698822	0.0	0.0	0.8833603262901306	0.0	0.8403087258338928	0.9931557774543762	0.0	0.0	1.0596572160720825	0.0	0.0	0.8266076445579529	1.7292065620422363	0.0	0.0	0.0	0.0	0.0	0.0	1.0481047630310059	0.0	0.7654417753219604	0.0	0.0	0.0	0.0	0.7794997692108154	0.0	0.0	0.0	1.3822211027145386	0.0	0.0	0.0
0.0	0.0	1.1690590381622314	0.5809190273284912	0.0	0.0	0.9467021822929382	1.042064905166626	0.8016145825386047	0.0	0.0	0.9742734432220459	0.0	0.0	0.0	0.0	0.8867536783218384	0.0	0.0	0.0	0.0	0.5725240111351013	0.726121187210083	0.0	0.0	0.0	1.4521584510803223	0.8973332643508911	0.0	0.0	0.0	0.0	0.7008343935012817	0.0	0.0	0.5908793210983276	0.0	0.0	0.0	0.0	0.0	0.0	0.0	0.44773533940315247	0.0	0.0	0.0	0.0	0.0	0.6046246886253357	1.2216588258743286	0.0	0.0	0.0	0.9948141574859619	0.0	0.0	0.0	0.0	1.1999146938323975	1.2217230796813965	0.0	0.0	0.0	0.044339295476675034	0.0	0.5165379643440247	0.5816977024078369	0.0	0.43719375133514404	0.9956198930740356	0.0	1.2393865585327148	1.1239136457443237	0.0	0.0	0.6084837913513184	0.9076054692268372	0.0	0.0	0.82945317029953	1.1648752689361572	1.3047757148742676	0.9493374824523926	1.2379543781280518	0.0	0.7370290756225586	0.0	0.0	0.0	0.7334451079368591	0.0	0.0	0.7053693532943726	0.0	0.0	0.7849287390708923	0.0	0.7566976547241211	0.8908663988113403	0.0	0.0	0.9808138012886047	0.0	0.0	0.7459286451339722	1.5519951581954956	0.0	0.0	0.0	0.0	0.0	0.0	0.9453377723693848	0.0	0.6844697594642639	0.0	0.0	0.0	0.0	0.7032120823860168	0.0	0.0	0.0	1.2459813356399536	0.0	0.0	0.0
0.0	0.0	1.2538745403289795	0.6186054944992065	0.0	0.0	1.0117056369781494	1.1212238073349	0.8451934456825256	0.0	0.0	1.0505398511886597	0.0	0.0	0.0	0.0	0.958379864692688	0.0	0.0	0.0	0.0	0.6117122173309326	0.7823392152786255	0.0	0.0	0.0	1.5536819696426392	0.9600903391838074	0.0	0.0	0.0	0.0	0.7610338926315308	0.0	0.0	0.6248162984848022	0.0	0.0	0.0	0.0	0.0	0.0	0.0	0.4801400601863861	0.0	0.0	0.0	0.0	0.0	0.6453329920768738	1.3077195882797241	0.0	0.0	0.0	1.066232442855835	0.0	0.0	0.0	0.0	1.286173939704895	1.3110347986221313	0.0	0.0	0.0	0.04159441962838173	0.0	0.5570065379142761	0.62079918384552	0.0	0.4671621322631836	1.0704518556594849	0.0	1.3279328346252441	1.208483338356018	0.0	0.0	0.6455618739128113	0.9827142953872681	0.0	0.0	0.8899083733558655	1.2475680112838745	1.4198871850967407	1.0311651229858398	1.3289103507995605	0.0	0.7817104458808899	0.0	0.0	0.0	0.7858572006225586	0.0	0.0	0.7287051677703857	0.0	0.0	0.8481317758560181	0.0	0.8044769763946533	0.9445822834968567	0.0	0.0	1.0338284969329834	0.0	0.0	0.7952589392662048	1.6735354661941528	0.0	0.0	0.0	0.0	0.0	0.0	1.0244829654693604	0.0	0.7373080253601074	0.0	0.0	0.0	0.0	0.7517635226249695	0.0	0.0	0.0	1.333070158958435	0.0	0.0	0.0
0.0	0.0	1.2801872491836548	0.6384618282318115	0.0	0.0	1.0311089754104614	1.1537482738494873	0.8710883259773254	0.0	0.0	1.0644803047180176	0.0	0.0	0.0	0.0	0.9770463705062866	0.0	0.0	0.0	0.0	0.6272885799407959	0.8059431314468384	0.0	0.0	0.0	1.595773696899414	0.9812751412391663	0.0	0.0	0.0	0.0	0.7912402153015137	0.0	0.0	0.6279287934303284	0.0	0.0	0.0	0.0	0.0	0.0	0.0	0.49574869871139526	0.0	0.0	0.0	0.0	0.0	0.6743676662445068	1.3356801271438599	0.0	0.0	0.0	1.1047474145889282	0.0	0.0	0.0	0.0	1.3168203830718994	1.3353419303894043	0.0	0.0	0.0	0.034839510917663574	0.0	0.5705662369728088	0.6170417666435242	0.0	0.4798396825790405	1.094688057899475	0.0	1.3717163801193237	1.2525795698165894	0.0	0.0	0.6670097708702087	0.9951805472373962	0.0	0.0	0.8976603746414185	1.2782089710235596	1.448371410369873	1.0425786972045898	1.356357455253601	0.0	0.8032773733139038	0.0	0.0	0.0	0.7995584607124329	0.0	0.0	0.7444998621940613	0.0	0.0	0.8760929703712463	0.0	0.8238309025764465	0.9788622856140137	0.0	0.0	1.0325061082839966	0.0	0.0	0.8081041574478149	1.7078877687454224	0.0	0.0	0.0	0.0	0.0	0.0	1.0405633449554443	0.0	0.7491716742515564	0.0	0.0	0.0	0.0	0.7743027806282043	0.0	0.0	0.0	1.370975136756897	0.0	0.0	0.0
